InvoiceID,CustomerID,Industry,CustomerType,Location,InvoiceAmount,InvoiceDate,DueDate,PaymentDate,PaymentDelay
INV00001,CUST052,Manufacturing,Wholesale,North,7119.24,2023-06-20,2023-07-20,2023-07-25,5
INV00002,CUST093,Retail,Wholesale,West,1853.99,2023-06-16,2023-07-16,2023-07-25,9
INV00003,CUST015,Technology,Wholesale,South,5123.72,2023-01-15,2023-02-14,2023-03-21,35
INV00004,CUST072,Healthcare,Retail,East,6806.13,2023-07-23,2023-08-22,2023-10-17,56
INV00005,CUST061,Manufacturing,Wholesale,North,2426.87,2023-10-16,2023-11-15,2024-01-08,54
INV00006,CUST021,Retail,Retail,East,8323.82,2023-07-09,2023-08-08,2023-09-24,47
INV00007,CUST083,Construction,Retail,North,5493.79,2023-06-05,2023-07-05,2023-08-16,42
INV00008,CUST087,Technology,Retail,South,1735.9,2023-02-25,2023-03-27,2023-03-17,0
INV00009,CUST075,Manufacturing,Retail,East,5871.55,2023-07-02,2023-08-01,2023-09-25,55
INV00010,CUST075,Manufacturing,Wholesale,West,9997.17,2023-07-30,2023-08-29,2023-09-16,18
INV00011,CUST088,Healthcare,Retail,North,1590.16,2023-03-17,2023-04-16,2023-06-14,59
INV00012,CUST100,Healthcare,Retail,East,8185.89,2023-10-05,2023-11-04,2023-11-01,0
INV00013,CUST024,Construction,Wholesale,West,2152.36,2023-05-14,2023-06-13,2023-07-01,18
INV00014,CUST003,Construction,Retail,East,7845.64,2023-12-10,2024-01-09,2024-02-18,40
INV00015,CUST022,Retail,Wholesale,East,7372.32,2023-03-01,2023-03-31,2023-04-22,22
INV00016,CUST053,Retail,Retail,East,3074.84,2023-12-12,2024-01-11,2024-01-03,0
INV00017,CUST002,Construction,Wholesale,North,3325.65,2023-07-02,2023-08-01,2023-09-19,49
INV00018,CUST088,Construction,Retail,West,7945.96,2023-12-06,2024-01-05,2024-01-29,24
INV00019,CUST030,Technology,Wholesale,South,4668.31,2023-11-18,2023-12-18,2024-02-14,58
INV00020,CUST038,Healthcare,Retail,North,7335.1,2023-03-06,2023-04-05,2023-04-14,9
INV00021,CUST002,Retail,Retail,North,1565.04,2023-11-24,2023-12-24,2024-01-21,28
INV00022,CUST064,Healthcare,Wholesale,North,8540.32,2023-09-18,2023-10-18,2023-10-11,0
INV00023,CUST060,Healthcare,Wholesale,South,7137.76,2023-07-13,2023-08-12,2023-08-20,8
INV00024,CUST021,Construction,Wholesale,West,9078.73,2023-05-24,2023-06-23,2023-07-27,34
INV00025,CUST033,Technology,Wholesale,West,1410.49,2023-04-15,2023-05-15,2023-06-16,32
INV00026,CUST076,Manufacturing,Retail,West,5970.84,2023-08-03,2023-09-02,2023-09-04,2
INV00027,CUST058,Technology,Retail,East,6031.29,2023-08-31,2023-09-30,2023-10-02,2
INV00028,CUST022,Technology,Wholesale,East,3599.26,2023-07-29,2023-08-28,2023-10-16,49
INV00029,CUST089,Healthcare,Retail,East,4638.82,2023-04-04,2023-05-04,2023-06-19,46
INV00030,CUST049,Technology,Wholesale,South,476.02,2023-05-23,2023-06-22,2023-08-02,41
INV00031,CUST091,Retail,Wholesale,East,7484.01,2023-04-23,2023-05-23,2023-07-04,42
INV00032,CUST059,Healthcare,Retail,South,5538.29,2023-03-01,2023-03-31,2023-05-02,32
INV00033,CUST042,Retail,Retail,West,671.64,2023-02-13,2023-03-15,2023-04-15,31
INV00034,CUST092,Manufacturing,Retail,East,6839.48,2023-07-27,2023-08-26,2023-09-10,15
INV00035,CUST060,Healthcare,Retail,East,4721.14,2023-09-26,2023-10-26,2023-11-07,12
INV00036,CUST080,Manufacturing,Retail,North,441.17,2023-10-24,2023-11-23,2023-12-25,32
INV00037,CUST015,Healthcare,Retail,South,9699.12,2023-04-29,2023-05-29,2023-06-15,17
INV00038,CUST062,Construction,Retail,West,9496.21,2023-01-21,2023-02-20,2023-02-18,0
INV00039,CUST062,Technology,Wholesale,North,5177.73,2023-08-11,2023-09-10,2023-09-19,9
INV00040,CUST047,Construction,Wholesale,North,1027.36,2023-06-16,2023-07-16,2023-08-30,45
INV00041,CUST062,Manufacturing,Wholesale,West,7570.75,2023-05-12,2023-06-11,2023-07-09,28
INV00042,CUST051,Technology,Wholesale,North,4970.12,2023-06-06,2023-07-06,2023-08-15,40
INV00043,CUST055,Healthcare,Wholesale,South,3094.23,2023-07-04,2023-08-03,2023-08-04,1
INV00044,CUST064,Technology,Retail,South,4965.04,2023-04-01,2023-05-01,2023-06-14,44
INV00045,CUST003,Retail,Wholesale,East,5272.2,2023-04-05,2023-05-05,2023-05-05,0
INV00046,CUST051,Technology,Wholesale,North,5670.85,2023-01-14,2023-02-13,2023-02-28,15
INV00047,CUST007,Retail,Wholesale,East,4468.11,2023-11-19,2023-12-19,2024-01-19,31
INV00048,CUST021,Technology,Wholesale,North,6096.98,2023-10-21,2023-11-20,2023-12-06,16
INV00049,CUST073,Retail,Wholesale,South,9195.47,2023-08-19,2023-09-18,2023-09-18,0
INV00050,CUST039,Manufacturing,Wholesale,South,3686.45,2023-11-19,2023-12-19,2024-01-15,27
INV00051,CUST018,Construction,Wholesale,South,7284.59,2023-10-20,2023-11-19,2023-12-21,32
INV00052,CUST004,Healthcare,Retail,North,8955.08,2023-01-27,2023-02-26,2023-03-06,8
INV00053,CUST089,Technology,Retail,South,4614.19,2023-03-17,2023-04-16,2023-06-08,53
INV00054,CUST060,Construction,Wholesale,North,4490.21,2023-12-31,2024-01-30,2024-01-25,0
INV00055,CUST014,Healthcare,Retail,East,6060.96,2023-10-27,2023-11-26,2023-12-31,35
INV00056,CUST009,Healthcare,Retail,North,5954.93,2023-05-31,2023-06-30,2023-07-31,31
INV00057,CUST090,Retail,Retail,East,8085.23,2023-05-29,2023-06-28,2023-08-21,54
INV00058,CUST053,Manufacturing,Retail,North,4817.19,2023-01-09,2023-02-08,2023-03-28,48
INV00059,CUST002,Manufacturing,Wholesale,East,9961.62,2023-01-30,2023-03-01,2023-04-11,41
INV00060,CUST084,Construction,Retail,South,688.77,2023-10-24,2023-11-23,2023-12-29,36
INV00061,CUST092,Manufacturing,Retail,East,131.36,2023-07-29,2023-08-28,2023-08-24,0
INV00062,CUST060,Technology,Retail,South,6437.96,2023-05-09,2023-06-08,2023-06-08,0
INV00063,CUST071,Manufacturing,Wholesale,South,3054.51,2023-12-07,2024-01-06,2024-02-25,50
INV00064,CUST044,Construction,Wholesale,East,2479.79,2023-04-27,2023-05-27,2023-07-23,57
INV00065,CUST008,Manufacturing,Wholesale,North,3187.8,2023-05-25,2023-06-24,2023-07-08,14
INV00066,CUST047,Technology,Wholesale,North,2634.87,2023-11-15,2023-12-15,2023-12-16,1
INV00067,CUST035,Retail,Wholesale,West,404.82,2023-08-24,2023-09-23,2023-10-08,15
INV00068,CUST078,Construction,Wholesale,North,9718.18,2023-01-08,2023-02-07,2023-02-08,1
INV00069,CUST081,Retail,Wholesale,West,2285.38,2023-02-15,2023-03-17,2023-04-18,32
INV00070,CUST036,Retail,Retail,North,7366.89,2023-08-28,2023-09-27,2023-11-06,40
INV00071,CUST050,Retail,Retail,North,7649.7,2023-06-05,2023-07-05,2023-07-31,26
INV00072,CUST004,Healthcare,Retail,South,9299.65,2023-07-01,2023-07-31,2023-09-04,35
INV00073,CUST002,Healthcare,Wholesale,West,402.44,2023-08-04,2023-09-03,2023-10-15,42
INV00074,CUST006,Retail,Wholesale,North,8733.28,2023-03-30,2023-04-29,2023-05-01,2
INV00075,CUST054,Construction,Wholesale,West,5319.54,2023-09-14,2023-10-14,2023-11-26,43
INV00076,CUST004,Technology,Wholesale,South,6362.19,2023-03-15,2023-04-14,2023-05-30,46
INV00077,CUST054,Technology,Wholesale,South,6480.26,2023-06-29,2023-07-29,2023-07-22,0
INV00078,CUST093,Manufacturing,Retail,West,8216.0,2023-08-01,2023-08-31,2023-10-08,38
INV00079,CUST063,Construction,Retail,South,3400.73,2023-10-21,2023-11-20,2023-11-16,0
INV00080,CUST018,Healthcare,Wholesale,East,7357.21,2023-08-23,2023-09-22,2023-09-22,0
INV00081,CUST090,Retail,Wholesale,East,5332.92,2023-08-28,2023-09-27,2023-11-09,43
INV00082,CUST044,Manufacturing,Wholesale,South,7954.6,2023-08-12,2023-09-11,2023-10-15,34
INV00083,CUST034,Technology,Wholesale,East,9906.41,2023-04-30,2023-05-30,2023-06-11,12
INV00084,CUST074,Healthcare,Retail,North,2086.45,2023-11-10,2023-12-10,2023-12-27,17
INV00085,CUST062,Healthcare,Wholesale,West,9947.02,2023-09-22,2023-10-22,2023-12-07,46
INV00086,CUST100,Retail,Wholesale,North,989.14,2023-07-27,2023-08-26,2023-09-10,15
INV00087,CUST014,Technology,Wholesale,West,122.94,2023-04-06,2023-05-06,2023-05-20,14
INV00088,CUST095,Construction,Wholesale,South,537.2,2023-08-11,2023-09-10,2023-10-23,43
INV00089,CUST048,Healthcare,Retail,North,3483.65,2023-10-04,2023-11-03,2023-11-21,18
INV00090,CUST015,Retail,Wholesale,South,6365.77,2023-08-20,2023-09-19,2023-10-14,25
INV00091,CUST072,Construction,Wholesale,South,783.39,2023-11-06,2023-12-06,2023-12-09,3
INV00092,CUST078,Technology,Retail,West,156.09,2023-04-30,2023-05-30,2023-06-23,24
INV00093,CUST087,Healthcare,Retail,West,9377.2,2023-09-26,2023-10-26,2023-11-14,19
INV00094,CUST062,Construction,Retail,West,8237.07,2023-10-01,2023-10-31,2023-11-06,6
INV00095,CUST040,Construction,Wholesale,North,8110.91,2023-03-06,2023-04-05,2023-05-31,56
INV00096,CUST085,Construction,Wholesale,East,8855.8,2023-10-26,2023-11-25,2023-12-14,19
INV00097,CUST080,Healthcare,Retail,West,7030.34,2023-12-17,2024-01-16,2024-02-19,34
INV00098,CUST082,Healthcare,Retail,West,1133.6,2023-01-12,2023-02-11,2023-03-23,40
INV00099,CUST053,Manufacturing,Retail,North,4051.09,2023-04-09,2023-05-09,2023-06-14,36
INV00100,CUST024,Technology,Retail,West,7259.18,2023-03-13,2023-04-12,2023-05-24,42
INV00101,CUST026,Retail,Retail,North,2875.31,2023-12-31,2024-01-30,2024-03-23,53
INV00102,CUST089,Construction,Retail,South,6905.32,2023-02-28,2023-03-30,2023-04-26,27
INV00103,CUST060,Manufacturing,Wholesale,West,342.53,2023-10-18,2023-11-17,2024-01-09,53
INV00104,CUST041,Retail,Wholesale,West,3130.76,2023-09-09,2023-10-09,2023-10-05,0
INV00105,CUST029,Manufacturing,Wholesale,South,5536.39,2023-10-04,2023-11-03,2023-11-14,11
INV00106,CUST015,Healthcare,Retail,South,6357.69,2023-02-20,2023-03-22,2023-04-21,30
INV00107,CUST045,Construction,Retail,South,5812.7,2023-12-25,2024-01-24,2024-01-23,0
INV00108,CUST065,Retail,Retail,West,7007.79,2023-08-05,2023-09-04,2023-10-20,46
INV00109,CUST089,Retail,Retail,East,160.28,2023-02-22,2023-03-24,2023-03-20,0
INV00110,CUST071,Retail,Retail,East,1099.32,2023-09-29,2023-10-29,2023-12-07,39
INV00111,CUST009,Retail,Retail,East,8702.55,2023-03-26,2023-04-25,2023-06-05,41
INV00112,CUST088,Retail,Wholesale,West,6849.31,2023-10-21,2023-11-20,2023-12-12,22
INV00113,CUST001,Manufacturing,Wholesale,South,1218.02,2023-05-07,2023-06-06,2023-05-27,0
INV00114,CUST008,Construction,Retail,West,8436.54,2023-10-24,2023-11-23,2024-01-04,42
INV00115,CUST088,Healthcare,Wholesale,South,2498.09,2023-03-14,2023-04-13,2023-06-01,49
INV00116,CUST063,Healthcare,Retail,West,4834.77,2023-10-24,2023-11-23,2023-12-16,23
INV00117,CUST011,Healthcare,Wholesale,West,1537.45,2023-08-25,2023-09-24,2023-09-17,0
INV00118,CUST081,Healthcare,Retail,South,7130.09,2023-02-26,2023-03-28,2023-04-03,6
INV00119,CUST008,Manufacturing,Retail,East,6701.86,2023-12-27,2024-01-26,2024-01-19,0
INV00120,CUST035,Technology,Wholesale,South,2190.01,2023-04-21,2023-05-21,2023-06-22,32
INV00121,CUST035,Construction,Wholesale,North,8647.67,2023-07-12,2023-08-11,2023-08-04,0
INV00122,CUST033,Retail,Retail,North,4072.93,2023-04-04,2023-05-04,2023-04-24,0
INV00123,CUST005,Technology,Retail,South,2995.9,2023-12-17,2024-01-16,2024-02-24,39
INV00124,CUST041,Healthcare,Wholesale,West,1608.06,2023-02-26,2023-03-28,2023-05-17,50
INV00125,CUST028,Technology,Wholesale,North,2735.06,2023-03-02,2023-04-01,2023-04-25,24
INV00126,CUST007,Construction,Retail,North,318.07,2023-05-19,2023-06-18,2023-06-15,0
INV00127,CUST073,Retail,Wholesale,West,5874.25,2023-02-09,2023-03-11,2023-03-24,13
INV00128,CUST072,Retail,Retail,West,8438.08,2023-01-29,2023-02-28,2023-03-25,25
INV00129,CUST012,Construction,Retail,East,5534.91,2023-02-19,2023-03-21,2023-04-29,39
INV00130,CUST034,Construction,Retail,West,2270.81,2023-05-06,2023-06-05,2023-07-07,32
INV00131,CUST033,Healthcare,Retail,South,433.32,2023-01-14,2023-02-13,2023-03-01,16
INV00132,CUST048,Retail,Wholesale,South,2224.82,2023-02-06,2023-03-08,2023-03-29,21
INV00133,CUST023,Technology,Wholesale,East,4219.6,2023-04-12,2023-05-12,2023-05-19,7
INV00134,CUST062,Manufacturing,Wholesale,North,7620.15,2023-10-10,2023-11-09,2023-11-26,17
INV00135,CUST088,Manufacturing,Wholesale,North,1959.64,2023-03-28,2023-04-27,2023-05-15,18
INV00136,CUST037,Construction,Wholesale,West,7225.94,2023-01-05,2023-02-04,2023-02-09,5
INV00137,CUST099,Healthcare,Wholesale,South,8682.64,2023-08-12,2023-09-11,2023-10-17,36
INV00138,CUST044,Manufacturing,Wholesale,North,4594.07,2023-12-05,2024-01-04,2024-02-21,48
INV00139,CUST086,Retail,Retail,East,8232.18,2023-06-16,2023-07-16,2023-08-05,20
INV00140,CUST091,Construction,Wholesale,East,5591.11,2023-12-11,2024-01-10,2024-01-03,0
INV00141,CUST035,Technology,Wholesale,South,6407.2,2023-10-06,2023-11-05,2023-12-01,26
INV00142,CUST065,Construction,Retail,East,5310.16,2023-05-11,2023-06-10,2023-06-16,6
INV00143,CUST099,Technology,Wholesale,East,4685.41,2023-02-01,2023-03-03,2023-03-31,28
INV00144,CUST047,Construction,Wholesale,South,2423.07,2023-01-12,2023-02-11,2023-03-20,37
INV00145,CUST078,Construction,Retail,West,3101.62,2023-10-30,2023-11-29,2024-01-03,35
INV00146,CUST003,Construction,Wholesale,West,2970.7,2023-04-07,2023-05-07,2023-06-13,37
INV00147,CUST001,Technology,Wholesale,East,5676.56,2023-07-10,2023-08-09,2023-09-06,28
INV00148,CUST005,Technology,Wholesale,West,1287.54,2023-07-12,2023-08-11,2023-08-04,0
INV00149,CUST090,Construction,Retail,West,9176.24,2023-09-24,2023-10-24,2023-11-12,19
INV00150,CUST014,Manufacturing,Wholesale,East,7234.49,2023-05-09,2023-06-08,2023-06-27,19
INV00151,CUST027,Healthcare,Wholesale,West,4074.31,2023-08-27,2023-09-26,2023-10-07,11
INV00152,CUST009,Healthcare,Retail,East,1670.38,2023-12-22,2024-01-21,2024-03-16,55
INV00153,CUST079,Healthcare,Wholesale,North,8831.72,2023-04-23,2023-05-23,2023-05-24,1
INV00154,CUST015,Technology,Retail,South,8255.4,2023-11-13,2023-12-13,2024-01-07,25
INV00155,CUST090,Technology,Retail,South,7245.04,2023-12-10,2024-01-09,2024-01-16,7
INV00156,CUST042,Manufacturing,Wholesale,West,2788.32,2023-05-26,2023-06-25,2023-08-06,42
INV00157,CUST077,Healthcare,Retail,West,4084.22,2023-03-07,2023-04-06,2023-03-27,0
INV00158,CUST051,Healthcare,Retail,West,1117.21,2023-09-05,2023-10-05,2023-11-21,47
INV00159,CUST063,Construction,Wholesale,South,1971.49,2023-08-12,2023-09-11,2023-09-06,0
INV00160,CUST096,Technology,Retail,North,7851.86,2023-11-10,2023-12-10,2024-02-07,59
INV00161,CUST052,Healthcare,Retail,North,7178.88,2023-04-17,2023-05-17,2023-06-19,33
INV00162,CUST096,Manufacturing,Wholesale,South,5975.51,2023-07-01,2023-07-31,2023-08-13,13
INV00163,CUST004,Manufacturing,Wholesale,North,8967.69,2023-07-04,2023-08-03,2023-08-11,8
INV00164,CUST094,Healthcare,Wholesale,South,5874.34,2023-08-15,2023-09-14,2023-09-21,7
INV00165,CUST023,Technology,Retail,North,4722.98,2023-09-23,2023-10-23,2023-11-11,19
INV00166,CUST015,Manufacturing,Wholesale,East,3469.67,2023-10-06,2023-11-05,2023-12-06,31
INV00167,CUST043,Construction,Retail,East,9410.44,2023-03-31,2023-04-30,2023-05-22,22
INV00168,CUST029,Manufacturing,Retail,South,918.88,2023-06-26,2023-07-26,2023-07-27,1
INV00169,CUST036,Retail,Retail,North,9315.78,2023-01-19,2023-02-18,2023-03-06,16
INV00170,CUST013,Retail,Retail,West,8284.48,2023-04-17,2023-05-17,2023-06-14,28
INV00171,CUST032,Technology,Retail,North,1386.31,2023-09-29,2023-10-29,2023-10-27,0
INV00172,CUST071,Healthcare,Retail,East,5693.35,2023-11-16,2023-12-16,2023-12-26,10
INV00173,CUST059,Technology,Retail,East,8678.83,2023-06-17,2023-07-17,2023-08-04,18
INV00174,CUST086,Technology,Wholesale,North,5760.91,2023-01-14,2023-02-13,2023-03-07,22
INV00175,CUST028,Technology,Wholesale,North,9081.28,2023-12-04,2024-01-03,2024-02-23,51
INV00176,CUST066,Technology,Retail,West,9435.54,2023-02-02,2023-03-04,2023-03-08,4
INV00177,CUST042,Construction,Retail,West,4281.61,2023-02-10,2023-03-12,2023-03-03,0
INV00178,CUST045,Construction,Wholesale,North,3835.41,2023-05-29,2023-06-28,2023-08-08,41
INV00179,CUST062,Manufacturing,Retail,North,9369.58,2023-08-07,2023-09-06,2023-10-09,33
INV00180,CUST057,Retail,Wholesale,North,6783.89,2023-08-08,2023-09-07,2023-10-20,43
INV00181,CUST006,Technology,Wholesale,North,1248.62,2023-03-24,2023-04-23,2023-04-30,7
INV00182,CUST028,Manufacturing,Wholesale,South,518.69,2023-11-30,2023-12-30,2023-12-22,0
INV00183,CUST028,Retail,Retail,North,5689.83,2023-07-28,2023-08-27,2023-08-23,0
INV00184,CUST044,Healthcare,Retail,West,9308.69,2023-07-21,2023-08-20,2023-09-21,32
INV00185,CUST084,Construction,Wholesale,East,8458.06,2023-11-29,2023-12-29,2024-01-25,27
INV00186,CUST030,Retail,Wholesale,South,6790.89,2023-02-08,2023-03-10,2023-04-05,26
INV00187,CUST062,Healthcare,Wholesale,North,1477.25,2023-07-31,2023-08-30,2023-10-16,47
INV00188,CUST075,Retail,Wholesale,East,2616.89,2023-11-24,2023-12-24,2024-01-15,22
INV00189,CUST092,Construction,Wholesale,South,8767.56,2023-09-07,2023-10-07,2023-11-24,48
INV00190,CUST089,Construction,Retail,East,1909.79,2023-08-16,2023-09-15,2023-09-15,0
INV00191,CUST062,Manufacturing,Wholesale,North,2856.55,2023-02-18,2023-03-20,2023-05-16,57
INV00192,CUST097,Technology,Retail,North,1383.05,2023-01-19,2023-02-18,2023-04-16,57
INV00193,CUST001,Retail,Wholesale,West,6793.47,2023-10-23,2023-11-22,2023-12-03,11
INV00194,CUST027,Retail,Retail,North,9445.42,2023-07-16,2023-08-15,2023-10-09,55
INV00195,CUST062,Healthcare,Retail,North,2762.78,2023-07-07,2023-08-06,2023-09-08,33
INV00196,CUST077,Construction,Retail,South,4806.53,2023-12-12,2024-01-11,2024-01-06,0
INV00197,CUST003,Retail,Retail,West,6379.96,2023-08-13,2023-09-12,2023-10-13,31
INV00198,CUST070,Construction,Retail,South,9994.72,2023-11-15,2023-12-15,2023-12-29,14
INV00199,CUST072,Retail,Retail,East,1137.6,2023-12-04,2024-01-03,2024-02-18,46
INV00200,CUST027,Manufacturing,Wholesale,North,5035.85,2023-08-18,2023-09-17,2023-10-31,44
INV00201,CUST009,Technology,Retail,East,3912.69,2023-03-19,2023-04-18,2023-04-23,5
INV00202,CUST062,Retail,Wholesale,South,8671.62,2023-07-08,2023-08-07,2023-08-10,3
INV00203,CUST037,Construction,Retail,North,4812.08,2023-12-13,2024-01-12,2024-02-09,28
INV00204,CUST097,Manufacturing,Retail,North,1198.68,2023-09-28,2023-10-28,2023-11-14,17
INV00205,CUST051,Retail,Wholesale,South,6380.8,2023-04-06,2023-05-06,2023-06-15,40
INV00206,CUST044,Healthcare,Retail,South,7730.73,2023-11-07,2023-12-07,2024-01-14,38
INV00207,CUST024,Technology,Wholesale,South,128.52,2023-05-13,2023-06-12,2023-06-10,0
INV00208,CUST079,Retail,Wholesale,South,8603.67,2023-02-09,2023-03-11,2023-04-27,47
INV00209,CUST059,Manufacturing,Wholesale,South,1941.63,2023-03-14,2023-04-13,2023-05-17,34
INV00210,CUST032,Healthcare,Wholesale,North,5565.49,2023-10-09,2023-11-08,2023-11-19,11
INV00211,CUST096,Manufacturing,Retail,South,4216.4,2023-11-30,2023-12-30,2024-01-20,21
INV00212,CUST088,Manufacturing,Retail,North,7224.57,2023-06-10,2023-07-10,2023-09-06,58
INV00213,CUST052,Healthcare,Wholesale,North,3774.5,2023-07-07,2023-08-06,2023-10-03,58
INV00214,CUST062,Manufacturing,Retail,South,8710.66,2023-07-11,2023-08-10,2023-09-10,31
INV00215,CUST058,Healthcare,Retail,South,7331.91,2023-05-01,2023-05-31,2023-07-12,42
INV00216,CUST052,Retail,Wholesale,West,6512.36,2023-08-09,2023-09-08,2023-10-26,48
INV00217,CUST012,Healthcare,Retail,North,7982.78,2023-02-23,2023-03-25,2023-04-22,28
INV00218,CUST039,Healthcare,Wholesale,South,7564.83,2023-08-11,2023-09-10,2023-09-14,4
INV00219,CUST002,Technology,Wholesale,South,455.79,2023-05-12,2023-06-11,2023-06-29,18
INV00220,CUST003,Healthcare,Retail,South,4007.87,2023-08-26,2023-09-25,2023-09-17,0
INV00221,CUST056,Healthcare,Retail,West,9314.99,2023-09-04,2023-10-04,2023-10-03,0
INV00222,CUST081,Retail,Retail,West,1344.67,2023-08-15,2023-09-14,2023-10-02,18
INV00223,CUST059,Technology,Wholesale,East,7397.26,2023-07-28,2023-08-27,2023-09-20,24
INV00224,CUST002,Construction,Wholesale,North,9748.46,2023-04-07,2023-05-07,2023-05-02,0
INV00225,CUST002,Retail,Retail,East,616.77,2023-07-20,2023-08-19,2023-08-20,1
INV00226,CUST092,Retail,Retail,South,6853.72,2023-09-05,2023-10-05,2023-11-01,27
INV00227,CUST054,Construction,Retail,West,4734.73,2023-03-14,2023-04-13,2023-04-21,8
INV00228,CUST087,Healthcare,Retail,West,5833.84,2023-11-15,2023-12-15,2024-02-09,56
INV00229,CUST096,Manufacturing,Wholesale,East,944.88,2023-07-05,2023-08-04,2023-08-01,0
INV00230,CUST097,Technology,Retail,West,525.77,2023-01-07,2023-02-06,2023-02-03,0
INV00231,CUST001,Manufacturing,Wholesale,South,6701.98,2023-07-26,2023-08-25,2023-09-30,36
INV00232,CUST019,Construction,Wholesale,West,8250.76,2023-02-02,2023-03-04,2023-02-25,0
INV00233,CUST002,Retail,Retail,East,7841.95,2023-04-10,2023-05-10,2023-06-19,40
INV00234,CUST053,Retail,Retail,South,5483.68,2023-09-14,2023-10-14,2023-12-09,56
INV00235,CUST044,Technology,Retail,East,1088.68,2023-07-07,2023-08-06,2023-09-09,34
INV00236,CUST090,Retail,Wholesale,West,6911.64,2023-03-18,2023-04-17,2023-04-14,0
INV00237,CUST032,Retail,Retail,East,2494.7,2023-06-27,2023-07-27,2023-08-01,5
INV00238,CUST070,Technology,Retail,East,9119.58,2023-11-12,2023-12-12,2024-02-06,56
INV00239,CUST032,Technology,Wholesale,North,8398.83,2023-10-15,2023-11-14,2023-11-12,0
INV00240,CUST068,Construction,Retail,West,7122.89,2023-12-16,2024-01-15,2024-03-04,49
INV00241,CUST055,Retail,Wholesale,West,9493.57,2023-09-13,2023-10-13,2023-10-17,4
INV00242,CUST075,Retail,Retail,East,411.08,2023-11-22,2023-12-22,2024-01-21,30
INV00243,CUST056,Construction,Wholesale,North,7388.38,2023-07-10,2023-08-09,2023-08-20,11
INV00244,CUST017,Healthcare,Retail,West,3369.4,2023-11-05,2023-12-05,2023-12-18,13
INV00245,CUST038,Healthcare,Retail,South,9070.05,2023-12-12,2024-01-11,2024-02-13,33
INV00246,CUST024,Healthcare,Wholesale,East,2740.08,2023-05-08,2023-06-07,2023-05-28,0
INV00247,CUST069,Construction,Wholesale,West,7276.08,2023-10-15,2023-11-14,2023-11-13,0
INV00248,CUST098,Retail,Retail,South,8788.71,2023-09-12,2023-10-12,2023-11-26,45
INV00249,CUST070,Construction,Wholesale,West,512.4,2023-08-02,2023-09-01,2023-10-10,39
INV00250,CUST086,Construction,Wholesale,South,4036.71,2023-09-08,2023-10-08,2023-10-09,1
INV00251,CUST011,Healthcare,Wholesale,East,7646.86,2023-03-26,2023-04-25,2023-06-13,49
INV00252,CUST016,Manufacturing,Wholesale,West,4603.7,2023-01-14,2023-02-13,2023-02-28,15
INV00253,CUST097,Retail,Retail,West,2745.8,2023-02-15,2023-03-17,2023-04-16,30
INV00254,CUST073,Healthcare,Retail,North,2276.07,2023-05-08,2023-06-07,2023-07-02,25
INV00255,CUST059,Manufacturing,Wholesale,East,1402.03,2023-04-25,2023-05-25,2023-06-06,12
INV00256,CUST070,Manufacturing,Wholesale,South,8585.58,2023-10-04,2023-11-03,2023-12-05,32
INV00257,CUST080,Technology,Wholesale,West,5796.02,2023-07-25,2023-08-24,2023-08-19,0
INV00258,CUST093,Retail,Wholesale,West,856.21,2023-12-04,2024-01-03,2024-03-01,58
INV00259,CUST003,Manufacturing,Retail,South,3887.55,2023-10-01,2023-10-31,2023-12-02,32
INV00260,CUST020,Healthcare,Retail,East,3740.56,2023-02-28,2023-03-30,2023-04-13,14
INV00261,CUST059,Technology,Wholesale,North,1899.22,2023-11-25,2023-12-25,2024-01-01,7
INV00262,CUST036,Retail,Wholesale,North,4411.53,2023-08-08,2023-09-07,2023-10-28,51
INV00263,CUST019,Construction,Wholesale,West,3387.78,2023-04-20,2023-05-20,2023-05-22,2
INV00264,CUST090,Healthcare,Retail,South,3483.86,2023-10-07,2023-11-06,2023-12-08,32
INV00265,CUST067,Manufacturing,Wholesale,West,7416.36,2023-06-24,2023-07-24,2023-08-10,17
INV00266,CUST019,Manufacturing,Retail,South,2310.31,2023-11-25,2023-12-25,2024-01-01,7
INV00267,CUST020,Healthcare,Wholesale,North,6454.41,2023-09-22,2023-10-22,2023-12-09,48
INV00268,CUST096,Manufacturing,Retail,East,5749.43,2023-11-12,2023-12-12,2024-01-30,49
INV00269,CUST071,Technology,Wholesale,South,5724.12,2023-04-22,2023-05-22,2023-07-13,52
INV00270,CUST052,Retail,Retail,North,6663.77,2023-07-07,2023-08-06,2023-09-21,46
INV00271,CUST033,Technology,Wholesale,West,5528.98,2023-09-27,2023-10-27,2023-12-06,40
INV00272,CUST040,Manufacturing,Wholesale,South,8804.63,2023-08-18,2023-09-17,2023-11-01,45
INV00273,CUST039,Construction,Wholesale,East,6788.24,2023-06-06,2023-07-06,2023-07-22,16
INV00274,CUST082,Retail,Retail,West,5514.94,2023-07-09,2023-08-08,2023-08-29,21
INV00275,CUST001,Retail,Wholesale,West,8314.65,2023-09-30,2023-10-30,2023-10-28,0
INV00276,CUST011,Healthcare,Retail,North,6100.85,2023-01-03,2023-02-02,2023-03-31,57
INV00277,CUST092,Healthcare,Retail,South,2982.33,2023-09-04,2023-10-04,2023-11-08,35
INV00278,CUST057,Construction,Wholesale,West,2150.24,2023-07-30,2023-08-29,2023-10-24,56
INV00279,CUST089,Retail,Wholesale,East,1608.05,2023-10-14,2023-11-13,2023-11-28,15
INV00280,CUST050,Construction,Wholesale,South,9004.61,2023-12-26,2024-01-25,2024-01-22,0
INV00281,CUST023,Healthcare,Retail,East,7130.34,2023-01-14,2023-02-13,2023-02-08,0
INV00282,CUST031,Healthcare,Wholesale,West,9380.05,2023-04-07,2023-05-07,2023-05-20,13
INV00283,CUST094,Retail,Retail,East,6072.59,2023-08-10,2023-09-09,2023-10-16,37
INV00284,CUST042,Technology,Retail,North,4786.67,2023-08-27,2023-09-26,2023-10-30,34
INV00285,CUST099,Manufacturing,Wholesale,East,691.19,2023-04-05,2023-05-05,2023-05-07,2
INV00286,CUST007,Healthcare,Wholesale,South,6749.26,2023-12-05,2024-01-04,2024-03-02,58
INV00287,CUST016,Healthcare,Wholesale,East,5863.87,2023-09-27,2023-10-27,2023-11-10,14
INV00288,CUST090,Technology,Wholesale,East,9903.07,2023-06-21,2023-07-21,2023-07-30,9
INV00289,CUST060,Technology,Wholesale,North,2467.67,2023-04-05,2023-05-05,2023-06-29,55
INV00290,CUST002,Construction,Wholesale,East,5354.3,2023-05-30,2023-06-29,2023-08-02,34
INV00291,CUST001,Construction,Retail,East,6544.48,2023-04-23,2023-05-23,2023-06-28,36
INV00292,CUST048,Manufacturing,Retail,West,6481.45,2023-02-25,2023-03-27,2023-05-18,52
INV00293,CUST012,Manufacturing,Retail,West,5656.81,2023-12-04,2024-01-03,2024-02-16,44
INV00294,CUST069,Retail,Wholesale,South,7791.59,2023-04-27,2023-05-27,2023-06-04,8
INV00295,CUST037,Construction,Retail,West,2129.31,2023-05-24,2023-06-23,2023-07-17,24
INV00296,CUST032,Healthcare,Retail,West,7283.71,2023-07-21,2023-08-20,2023-10-01,42
INV00297,CUST009,Construction,Retail,West,6235.37,2023-06-30,2023-07-30,2023-08-14,15
INV00298,CUST099,Healthcare,Retail,West,8971.14,2023-07-22,2023-08-21,2023-08-24,3
INV00299,CUST019,Technology,Retail,North,8487.22,2023-12-31,2024-01-30,2024-03-04,34
INV00300,CUST048,Construction,Wholesale,West,3219.96,2023-02-23,2023-03-25,2023-04-27,33
INV00301,CUST080,Technology,Wholesale,North,2834.75,2023-06-30,2023-07-30,2023-09-22,54
INV00302,CUST003,Manufacturing,Retail,North,9818.37,2023-11-10,2023-12-10,2024-01-19,40
INV00303,CUST020,Manufacturing,Retail,West,5319.93,2023-11-05,2023-12-05,2024-01-06,32
INV00304,CUST024,Retail,Retail,East,9073.57,2023-05-18,2023-06-17,2023-06-29,12
INV00305,CUST054,Construction,Wholesale,North,1722.42,2023-07-02,2023-08-01,2023-09-15,45
INV00306,CUST033,Technology,Wholesale,East,6463.91,2023-01-02,2023-02-01,2023-02-09,8
INV00307,CUST024,Healthcare,Retail,East,8117.62,2023-02-14,2023-03-16,2023-04-29,44
INV00308,CUST075,Manufacturing,Wholesale,West,9479.21,2023-08-16,2023-09-15,2023-11-03,49
INV00309,CUST072,Manufacturing,Wholesale,South,3439.67,2023-11-28,2023-12-28,2024-02-14,48
INV00310,CUST036,Healthcare,Retail,West,7277.31,2023-04-09,2023-05-09,2023-05-31,22
INV00311,CUST038,Technology,Wholesale,South,5434.25,2023-07-28,2023-08-27,2023-09-04,8
INV00312,CUST084,Technology,Wholesale,South,700.23,2023-09-23,2023-10-23,2023-11-09,17
INV00313,CUST099,Construction,Retail,West,6931.0,2023-10-16,2023-11-15,2023-12-26,41
INV00314,CUST089,Construction,Wholesale,West,6931.96,2023-09-29,2023-10-29,2023-12-06,38
INV00315,CUST099,Retail,Wholesale,South,9313.01,2023-05-21,2023-06-20,2023-07-16,26
INV00316,CUST025,Manufacturing,Retail,West,5023.39,2023-08-26,2023-09-25,2023-10-10,15
INV00317,CUST093,Construction,Wholesale,South,2379.48,2023-03-14,2023-04-13,2023-05-12,29
INV00318,CUST018,Technology,Wholesale,East,541.18,2023-06-05,2023-07-05,2023-08-01,27
INV00319,CUST082,Healthcare,Retail,West,4214.86,2023-07-10,2023-08-09,2023-09-21,43
INV00320,CUST066,Technology,Retail,East,3088.98,2023-09-26,2023-10-26,2023-11-06,11
INV00321,CUST054,Manufacturing,Retail,North,7634.77,2023-11-18,2023-12-18,2023-12-23,5
INV00322,CUST035,Technology,Wholesale,East,3607.25,2023-04-18,2023-05-18,2023-06-04,17
INV00323,CUST080,Retail,Retail,East,9495.8,2023-08-21,2023-09-20,2023-10-14,24
INV00324,CUST061,Manufacturing,Wholesale,South,9626.87,2023-02-12,2023-03-14,2023-05-02,49
INV00325,CUST041,Healthcare,Retail,East,6247.0,2023-07-10,2023-08-09,2023-09-12,34
INV00326,CUST100,Retail,Wholesale,West,9293.74,2023-05-20,2023-06-19,2023-07-24,35
INV00327,CUST033,Manufacturing,Retail,South,7632.46,2023-04-14,2023-05-14,2023-06-27,44
INV00328,CUST068,Healthcare,Retail,North,5513.91,2023-06-21,2023-07-21,2023-08-05,15
INV00329,CUST033,Retail,Retail,West,1885.05,2023-12-18,2024-01-17,2024-01-31,14
INV00330,CUST014,Retail,Retail,North,4640.12,2023-10-01,2023-10-31,2023-12-24,54
INV00331,CUST021,Manufacturing,Wholesale,East,5652.66,2023-08-10,2023-09-09,2023-09-04,0
INV00332,CUST048,Construction,Retail,West,8653.22,2023-08-02,2023-09-01,2023-09-13,12
INV00333,CUST020,Retail,Retail,West,4865.2,2023-12-08,2024-01-07,2024-02-29,53
INV00334,CUST008,Retail,Wholesale,North,8986.98,2023-02-26,2023-03-28,2023-04-29,32
INV00335,CUST007,Healthcare,Retail,West,6776.05,2023-12-09,2024-01-08,2024-01-20,12
INV00336,CUST067,Technology,Wholesale,West,1456.29,2023-04-13,2023-05-13,2023-06-01,19
INV00337,CUST017,Manufacturing,Retail,West,9950.32,2023-07-12,2023-08-11,2023-08-18,7
INV00338,CUST033,Manufacturing,Retail,East,5319.6,2023-11-07,2023-12-07,2023-12-17,10
INV00339,CUST048,Construction,Retail,North,3979.4,2023-07-20,2023-08-19,2023-10-04,46
INV00340,CUST076,Construction,Wholesale,West,6625.23,2023-08-22,2023-09-21,2023-10-03,12
INV00341,CUST059,Manufacturing,Retail,South,1178.04,2023-08-16,2023-09-15,2023-10-19,34
INV00342,CUST086,Construction,Retail,South,6401.73,2023-05-20,2023-06-19,2023-07-22,33
INV00343,CUST022,Healthcare,Retail,South,5032.54,2023-12-11,2024-01-10,2024-02-15,36
INV00344,CUST030,Manufacturing,Wholesale,South,4126.07,2023-11-02,2023-12-02,2023-12-31,29
INV00345,CUST038,Construction,Wholesale,East,9534.9,2023-05-30,2023-06-29,2023-08-08,40
INV00346,CUST051,Manufacturing,Retail,West,5273.14,2023-04-26,2023-05-26,2023-06-26,31
INV00347,CUST054,Technology,Wholesale,North,2269.26,2023-03-05,2023-04-04,2023-03-31,0
INV00348,CUST008,Retail,Retail,West,4643.74,2023-04-15,2023-05-15,2023-06-23,39
INV00349,CUST027,Manufacturing,Retail,East,9201.94,2023-12-06,2024-01-05,2024-02-11,37
INV00350,CUST027,Retail,Retail,South,1843.35,2023-12-26,2024-01-25,2024-01-20,0
INV00351,CUST098,Construction,Retail,East,2218.17,2023-06-06,2023-07-06,2023-07-04,0
INV00352,CUST021,Retail,Retail,West,228.99,2023-10-01,2023-10-31,2023-12-16,46
INV00353,CUST030,Manufacturing,Retail,North,240.48,2023-01-07,2023-02-06,2023-02-26,20
INV00354,CUST097,Technology,Retail,East,8310.98,2023-05-28,2023-06-27,2023-07-07,10
INV00355,CUST028,Construction,Wholesale,North,7348.01,2023-07-04,2023-08-03,2023-09-01,29
INV00356,CUST064,Manufacturing,Wholesale,East,3614.91,2023-01-29,2023-02-28,2023-04-03,34
INV00357,CUST097,Construction,Wholesale,North,7013.28,2023-02-08,2023-03-10,2023-04-17,38
INV00358,CUST069,Healthcare,Wholesale,North,4012.54,2023-04-30,2023-05-30,2023-06-08,9
INV00359,CUST061,Retail,Wholesale,South,9533.68,2023-10-21,2023-11-20,2023-11-26,6
INV00360,CUST048,Healthcare,Wholesale,North,9673.82,2023-09-02,2023-10-02,2023-10-19,17
INV00361,CUST019,Manufacturing,Wholesale,South,3988.66,2023-03-10,2023-04-09,2023-05-09,30
INV00362,CUST004,Technology,Retail,West,8556.8,2023-08-03,2023-09-02,2023-10-27,55
INV00363,CUST035,Construction,Retail,West,7753.58,2023-08-07,2023-09-06,2023-09-20,14
INV00364,CUST064,Retail,Retail,South,3169.0,2023-06-27,2023-07-27,2023-09-12,47
INV00365,CUST049,Construction,Retail,South,2397.19,2023-10-27,2023-11-26,2023-12-26,30
INV00366,CUST017,Manufacturing,Wholesale,East,4636.52,2023-06-14,2023-07-14,2023-07-09,0
INV00367,CUST044,Construction,Wholesale,East,7835.35,2023-02-28,2023-03-30,2023-04-26,27
INV00368,CUST092,Retail,Retail,East,9605.66,2023-09-27,2023-10-27,2023-10-22,0
INV00369,CUST030,Manufacturing,Retail,West,7659.43,2023-11-05,2023-12-05,2024-01-08,34
INV00370,CUST093,Construction,Wholesale,East,8566.55,2023-02-28,2023-03-30,2023-04-02,3
INV00371,CUST046,Technology,Retail,North,6070.34,2023-10-16,2023-11-15,2024-01-09,55
INV00372,CUST006,Manufacturing,Retail,North,8370.54,2023-04-16,2023-05-16,2023-06-14,29
INV00373,CUST099,Manufacturing,Retail,East,7865.77,2023-08-17,2023-09-16,2023-09-08,0
INV00374,CUST037,Technology,Retail,North,3832.16,2023-09-05,2023-10-05,2023-10-18,13
INV00375,CUST024,Healthcare,Wholesale,West,5564.7,2023-07-08,2023-08-07,2023-08-15,8
INV00376,CUST093,Retail,Retail,North,8067.06,2023-03-25,2023-04-24,2023-05-01,7
INV00377,CUST046,Healthcare,Retail,West,555.96,2023-07-06,2023-08-05,2023-09-27,53
INV00378,CUST053,Construction,Wholesale,South,8099.98,2023-09-10,2023-10-10,2023-11-03,24
INV00379,CUST095,Technology,Wholesale,South,1861.09,2023-12-22,2024-01-21,2024-03-12,51
INV00380,CUST099,Healthcare,Retail,South,5195.37,2023-08-27,2023-09-26,2023-09-16,0
INV00381,CUST060,Manufacturing,Wholesale,South,8101.93,2023-12-27,2024-01-26,2024-02-09,14
INV00382,CUST097,Construction,Retail,North,2612.83,2023-07-04,2023-08-03,2023-09-06,34
INV00383,CUST063,Construction,Retail,East,2533.49,2023-10-12,2023-11-11,2023-12-19,38
INV00384,CUST085,Healthcare,Wholesale,North,4087.37,2023-07-30,2023-08-29,2023-09-03,5
INV00385,CUST032,Healthcare,Retail,West,8956.96,2023-11-01,2023-12-01,2023-12-09,8
INV00386,CUST087,Technology,Retail,North,104.38,2023-10-24,2023-11-23,2023-12-05,12
INV00387,CUST033,Retail,Retail,North,9023.69,2023-04-08,2023-05-08,2023-05-22,14
INV00388,CUST067,Healthcare,Retail,West,1622.69,2023-07-28,2023-08-27,2023-09-01,5
INV00389,CUST018,Healthcare,Wholesale,South,9901.86,2023-05-18,2023-06-17,2023-07-30,43
INV00390,CUST025,Manufacturing,Wholesale,South,9552.99,2023-07-04,2023-08-03,2023-07-24,0
INV00391,CUST095,Construction,Retail,South,4997.28,2023-03-18,2023-04-17,2023-05-18,31
INV00392,CUST054,Retail,Wholesale,East,5175.93,2023-10-15,2023-11-14,2023-11-22,8
INV00393,CUST058,Manufacturing,Retail,West,4867.34,2023-05-23,2023-06-22,2023-07-15,23
INV00394,CUST067,Technology,Retail,West,6390.89,2023-08-26,2023-09-25,2023-11-08,44
INV00395,CUST046,Technology,Retail,North,998.14,2023-01-26,2023-02-25,2023-03-04,7
INV00396,CUST024,Healthcare,Retail,East,422.92,2023-10-18,2023-11-17,2023-12-10,23
INV00397,CUST032,Healthcare,Retail,South,671.26,2023-03-09,2023-04-08,2023-05-12,34
INV00398,CUST047,Technology,Wholesale,East,4499.22,2023-09-08,2023-10-08,2023-10-03,0
INV00399,CUST086,Healthcare,Retail,West,2827.92,2023-04-29,2023-05-29,2023-06-08,10
INV00400,CUST023,Retail,Wholesale,West,6258.19,2023-03-15,2023-04-14,2023-06-12,59
INV00401,CUST066,Healthcare,Wholesale,North,9925.18,2023-10-10,2023-11-09,2023-12-16,37
INV00402,CUST027,Construction,Retail,North,3924.6,2023-12-27,2024-01-26,2024-02-23,28
INV00403,CUST002,Healthcare,Retail,West,5781.03,2023-01-11,2023-02-10,2023-03-02,20
INV00404,CUST090,Manufacturing,Retail,South,4214.48,2023-07-31,2023-08-30,2023-08-29,0
INV00405,CUST017,Retail,Retail,South,8487.99,2023-11-20,2023-12-20,2024-01-08,19
INV00406,CUST033,Manufacturing,Retail,East,9032.14,2023-06-02,2023-07-02,2023-07-09,7
INV00407,CUST009,Manufacturing,Wholesale,West,8785.82,2023-01-06,2023-02-05,2023-03-26,49
INV00408,CUST043,Construction,Retail,West,9746.29,2023-07-15,2023-08-14,2023-08-18,4
INV00409,CUST048,Retail,Retail,South,372.44,2023-10-11,2023-11-10,2023-11-03,0
INV00410,CUST039,Retail,Wholesale,South,8414.18,2023-04-24,2023-05-24,2023-07-15,52
INV00411,CUST093,Retail,Wholesale,West,7542.54,2023-09-29,2023-10-29,2023-11-27,29
INV00412,CUST042,Retail,Retail,North,2364.07,2023-06-13,2023-07-13,2023-07-11,0
INV00413,CUST026,Retail,Wholesale,West,9567.57,2023-04-16,2023-05-16,2023-05-14,0
INV00414,CUST099,Construction,Retail,West,1566.96,2023-07-01,2023-07-31,2023-08-15,15
INV00415,CUST050,Healthcare,Wholesale,South,6827.54,2023-02-14,2023-03-16,2023-03-09,0
INV00416,CUST025,Manufacturing,Wholesale,South,2326.41,2023-10-10,2023-11-09,2023-11-14,5
INV00417,CUST024,Retail,Retail,North,4370.67,2023-06-25,2023-07-25,2023-07-29,4
INV00418,CUST013,Healthcare,Wholesale,North,7219.68,2023-06-12,2023-07-12,2023-08-22,41
INV00419,CUST060,Healthcare,Wholesale,East,5676.91,2023-12-18,2024-01-17,2024-03-15,58
INV00420,CUST007,Manufacturing,Wholesale,West,4332.27,2023-12-07,2024-01-06,2023-12-31,0
INV00421,CUST057,Construction,Wholesale,South,3330.75,2023-05-21,2023-06-20,2023-06-29,9
INV00422,CUST036,Technology,Wholesale,North,8412.63,2023-05-13,2023-06-12,2023-06-19,7
INV00423,CUST045,Technology,Wholesale,East,1523.76,2023-03-29,2023-04-28,2023-04-19,0
INV00424,CUST020,Healthcare,Retail,East,4358.02,2023-06-26,2023-07-26,2023-07-28,2
INV00425,CUST065,Manufacturing,Retail,South,9047.2,2023-07-03,2023-08-02,2023-07-26,0
INV00426,CUST008,Technology,Wholesale,South,8473.91,2023-05-10,2023-06-09,2023-07-10,31
INV00427,CUST016,Healthcare,Retail,East,4069.32,2023-09-04,2023-10-04,2023-11-23,50
INV00428,CUST014,Construction,Retail,North,7654.77,2023-03-31,2023-04-30,2023-04-27,0
INV00429,CUST076,Technology,Retail,East,8249.29,2023-03-08,2023-04-07,2023-06-02,56
INV00430,CUST087,Healthcare,Wholesale,West,8899.99,2023-06-08,2023-07-08,2023-08-29,52
INV00431,CUST015,Healthcare,Retail,West,5490.61,2023-05-30,2023-06-29,2023-06-27,0
INV00432,CUST092,Retail,Wholesale,South,2124.16,2023-12-07,2024-01-06,2024-01-06,0
INV00433,CUST098,Construction,Retail,North,2627.56,2023-04-27,2023-05-27,2023-06-27,31
INV00434,CUST066,Retail,Wholesale,North,3027.38,2023-08-03,2023-09-02,2023-09-04,2
INV00435,CUST032,Manufacturing,Wholesale,West,5978.64,2023-10-22,2023-11-21,2023-12-16,25
INV00436,CUST087,Retail,Retail,East,424.82,2023-09-11,2023-10-11,2023-10-13,2
INV00437,CUST063,Retail,Retail,South,6396.82,2023-05-24,2023-06-23,2023-06-24,1
INV00438,CUST086,Technology,Wholesale,East,3707.11,2023-09-08,2023-10-08,2023-11-03,26
INV00439,CUST051,Healthcare,Retail,East,3022.89,2023-10-30,2023-11-29,2024-01-09,41
INV00440,CUST025,Construction,Retail,East,8807.02,2023-01-26,2023-02-25,2023-02-16,0
INV00441,CUST058,Retail,Retail,North,4654.02,2023-10-05,2023-11-04,2023-12-19,45
INV00442,CUST063,Construction,Wholesale,West,1041.03,2023-03-12,2023-04-11,2023-05-30,49
INV00443,CUST062,Retail,Wholesale,North,8284.79,2023-04-24,2023-05-24,2023-06-05,12
INV00444,CUST022,Manufacturing,Retail,West,571.65,2023-12-30,2024-01-29,2024-02-27,29
INV00445,CUST058,Retail,Retail,South,7294.82,2023-04-23,2023-05-23,2023-07-15,53
INV00446,CUST058,Technology,Retail,South,7761.67,2023-12-31,2024-01-30,2024-02-11,12
INV00447,CUST086,Healthcare,Wholesale,East,3590.77,2023-10-31,2023-11-30,2023-12-18,18
INV00448,CUST049,Manufacturing,Wholesale,West,8265.4,2023-04-02,2023-05-02,2023-06-11,40
INV00449,CUST052,Retail,Retail,West,5205.03,2023-01-19,2023-02-18,2023-04-17,58
INV00450,CUST042,Construction,Retail,West,4686.61,2023-05-30,2023-06-29,2023-07-19,20
INV00451,CUST070,Manufacturing,Retail,East,549.49,2023-08-16,2023-09-15,2023-10-24,39
INV00452,CUST015,Manufacturing,Retail,East,2971.29,2023-08-03,2023-09-02,2023-09-11,9
INV00453,CUST054,Retail,Retail,South,9317.0,2023-12-27,2024-01-26,2024-03-10,44
INV00454,CUST060,Manufacturing,Retail,North,3979.06,2023-06-01,2023-07-01,2023-06-22,0
INV00455,CUST097,Construction,Wholesale,West,5512.34,2023-07-12,2023-08-11,2023-08-25,14
INV00456,CUST008,Manufacturing,Retail,West,5367.01,2023-02-10,2023-03-12,2023-03-14,2
INV00457,CUST053,Construction,Wholesale,North,5945.27,2023-08-31,2023-09-30,2023-11-28,59
INV00458,CUST060,Retail,Retail,West,707.18,2023-05-19,2023-06-18,2023-08-13,56
INV00459,CUST005,Healthcare,Retail,East,3685.54,2023-12-12,2024-01-11,2024-02-27,47
INV00460,CUST068,Manufacturing,Wholesale,East,7258.97,2023-06-30,2023-07-30,2023-09-21,53
INV00461,CUST006,Healthcare,Wholesale,West,2085.55,2023-07-20,2023-08-19,2023-10-16,58
INV00462,CUST096,Construction,Wholesale,East,2115.43,2023-07-23,2023-08-22,2023-10-09,48
INV00463,CUST094,Manufacturing,Wholesale,East,199.9,2023-03-03,2023-04-02,2023-05-21,49
INV00464,CUST047,Technology,Retail,West,4431.07,2023-07-12,2023-08-11,2023-10-01,51
INV00465,CUST099,Healthcare,Wholesale,South,8839.07,2023-01-06,2023-02-05,2023-02-10,5
INV00466,CUST055,Manufacturing,Retail,North,613.82,2023-08-26,2023-09-25,2023-11-21,57
INV00467,CUST040,Healthcare,Wholesale,East,1992.08,2023-07-01,2023-07-31,2023-08-04,4
INV00468,CUST052,Manufacturing,Retail,South,3169.84,2023-11-08,2023-12-08,2024-01-21,44
INV00469,CUST016,Retail,Retail,East,7344.07,2023-02-07,2023-03-09,2023-04-02,24
INV00470,CUST013,Healthcare,Retail,East,6442.29,2023-02-26,2023-03-28,2023-05-11,44
INV00471,CUST030,Technology,Retail,North,4217.84,2023-08-26,2023-09-25,2023-09-28,3
INV00472,CUST019,Technology,Retail,East,7614.78,2023-12-25,2024-01-24,2024-03-02,38
INV00473,CUST017,Construction,Retail,North,6135.35,2023-12-16,2024-01-15,2024-01-11,0
INV00474,CUST063,Manufacturing,Wholesale,North,8970.8,2023-07-17,2023-08-16,2023-09-04,19
INV00475,CUST019,Healthcare,Retail,North,8198.46,2023-03-15,2023-04-14,2023-05-22,38
INV00476,CUST092,Construction,Wholesale,South,2602.85,2023-03-01,2023-03-31,2023-04-05,5
INV00477,CUST058,Healthcare,Wholesale,West,2787.24,2023-08-29,2023-09-28,2023-11-07,40
INV00478,CUST055,Manufacturing,Retail,South,1341.03,2023-01-03,2023-02-02,2023-03-05,31
INV00479,CUST090,Technology,Wholesale,West,3435.95,2023-12-27,2024-01-26,2024-02-01,6
INV00480,CUST090,Retail,Retail,West,9995.48,2023-07-08,2023-08-07,2023-09-28,52
INV00481,CUST062,Technology,Wholesale,North,4116.94,2023-11-04,2023-12-04,2024-01-07,34
INV00482,CUST023,Construction,Retail,East,2282.84,2023-01-31,2023-03-02,2023-02-26,0
INV00483,CUST009,Retail,Wholesale,North,7648.58,2023-09-25,2023-10-25,2023-11-10,16
INV00484,CUST012,Construction,Retail,East,5470.46,2023-04-19,2023-05-19,2023-05-18,0
INV00485,CUST001,Manufacturing,Retail,West,1581.05,2023-11-29,2023-12-29,2024-01-21,23
INV00486,CUST058,Retail,Retail,North,3868.83,2023-04-01,2023-05-01,2023-05-26,25
INV00487,CUST001,Construction,Retail,East,4203.25,2023-07-25,2023-08-24,2023-09-07,14
INV00488,CUST034,Manufacturing,Wholesale,South,7562.91,2023-08-09,2023-09-08,2023-09-03,0
INV00489,CUST096,Technology,Retail,East,304.65,2023-04-05,2023-05-05,2023-05-18,13
INV00490,CUST048,Manufacturing,Wholesale,North,2763.29,2023-04-14,2023-05-14,2023-05-21,7
INV00491,CUST089,Healthcare,Wholesale,South,5224.2,2023-08-12,2023-09-11,2023-09-06,0
INV00492,CUST001,Manufacturing,Wholesale,East,2761.58,2023-07-06,2023-08-05,2023-08-23,18
INV00493,CUST016,Manufacturing,Retail,East,6321.5,2023-07-04,2023-08-03,2023-08-17,14
INV00494,CUST061,Healthcare,Wholesale,East,4870.49,2023-06-12,2023-07-12,2023-08-25,44
INV00495,CUST064,Construction,Wholesale,East,3680.93,2023-09-05,2023-10-05,2023-11-09,35
INV00496,CUST063,Construction,Wholesale,East,9497.17,2023-02-01,2023-03-03,2023-03-16,13
INV00497,CUST069,Manufacturing,Retail,South,6358.38,2023-02-22,2023-03-24,2023-04-08,15
INV00498,CUST022,Healthcare,Retail,West,1386.42,2023-12-12,2024-01-11,2024-01-28,17
INV00499,CUST093,Healthcare,Wholesale,South,5644.91,2023-03-18,2023-04-17,2023-04-09,0
INV00500,CUST067,Technology,Retail,South,7829.25,2023-10-06,2023-11-05,2023-12-02,27
INV00501,CUST076,Construction,Retail,South,7114.05,2023-02-10,2023-03-12,2023-05-01,50
INV00502,CUST026,Retail,Wholesale,West,1803.68,2023-04-12,2023-05-12,2023-06-21,40
INV00503,CUST016,Construction,Wholesale,North,9726.96,2023-04-22,2023-05-22,2023-06-28,37
INV00504,CUST051,Construction,Retail,West,4543.26,2023-11-18,2023-12-18,2023-12-28,10
INV00505,CUST086,Technology,Wholesale,South,1674.35,2023-09-07,2023-10-07,2023-11-19,43
INV00506,CUST057,Retail,Retail,East,1883.94,2023-07-11,2023-08-10,2023-09-24,45
INV00507,CUST029,Technology,Retail,East,1072.53,2023-07-02,2023-08-01,2023-09-18,48
INV00508,CUST078,Retail,Retail,South,8054.83,2023-12-02,2024-01-01,2024-02-10,40
INV00509,CUST092,Manufacturing,Retail,East,1308.1,2023-07-29,2023-08-28,2023-09-06,9
INV00510,CUST069,Retail,Retail,South,1338.74,2023-01-23,2023-02-22,2023-04-11,48
INV00511,CUST047,Technology,Retail,East,8519.67,2023-06-16,2023-07-16,2023-07-14,0
INV00512,CUST094,Construction,Wholesale,West,3511.58,2023-04-10,2023-05-10,2023-04-30,0
INV00513,CUST062,Retail,Wholesale,North,405.49,2023-07-28,2023-08-27,2023-09-14,18
INV00514,CUST069,Retail,Retail,North,613.76,2023-01-09,2023-02-08,2023-04-01,52
INV00515,CUST076,Healthcare,Retail,West,1507.49,2023-07-10,2023-08-09,2023-09-23,45
INV00516,CUST016,Construction,Retail,West,2212.59,2023-06-25,2023-07-25,2023-09-20,57
INV00517,CUST090,Manufacturing,Wholesale,South,6684.95,2023-10-01,2023-10-31,2023-11-24,24
INV00518,CUST090,Technology,Retail,South,1657.53,2023-01-18,2023-02-17,2023-02-09,0
INV00519,CUST048,Manufacturing,Wholesale,South,1276.86,2023-04-01,2023-05-01,2023-04-27,0
INV00520,CUST085,Construction,Retail,East,7670.72,2023-05-22,2023-06-21,2023-07-07,16
INV00521,CUST039,Retail,Retail,South,6743.45,2023-05-26,2023-06-25,2023-06-15,0
INV00522,CUST100,Retail,Wholesale,West,4409.71,2023-06-16,2023-07-16,2023-08-18,33
INV00523,CUST033,Construction,Wholesale,North,5538.17,2023-12-04,2024-01-03,2024-02-02,30
INV00524,CUST094,Retail,Retail,East,3188.64,2023-03-20,2023-04-19,2023-05-20,31
INV00525,CUST023,Retail,Retail,South,4876.75,2023-09-20,2023-10-20,2023-11-11,22
INV00526,CUST010,Retail,Retail,East,5116.06,2023-06-13,2023-07-13,2023-08-21,39
INV00527,CUST069,Technology,Wholesale,East,3933.65,2023-01-15,2023-02-14,2023-04-07,52
INV00528,CUST100,Technology,Wholesale,South,9075.06,2023-08-28,2023-09-27,2023-10-23,26
INV00529,CUST034,Healthcare,Wholesale,East,259.01,2023-03-14,2023-04-13,2023-05-31,48
INV00530,CUST052,Manufacturing,Wholesale,North,7843.5,2023-05-24,2023-06-23,2023-07-30,37
INV00531,CUST095,Construction,Wholesale,West,1331.39,2023-11-07,2023-12-07,2023-12-01,0
INV00532,CUST010,Construction,Wholesale,West,7995.72,2023-10-11,2023-11-10,2023-12-17,37
INV00533,CUST019,Construction,Retail,North,6197.53,2023-09-27,2023-10-27,2023-10-19,0
INV00534,CUST058,Healthcare,Retail,East,8448.45,2023-08-30,2023-09-29,2023-11-04,36
INV00535,CUST096,Technology,Wholesale,South,1065.39,2023-09-03,2023-10-03,2023-11-23,51
INV00536,CUST001,Healthcare,Retail,East,5633.91,2023-06-13,2023-07-13,2023-07-16,3
INV00537,CUST069,Construction,Retail,North,5060.77,2023-03-02,2023-04-01,2023-05-23,52
INV00538,CUST004,Manufacturing,Wholesale,East,7091.31,2023-01-07,2023-02-06,2023-03-28,50
INV00539,CUST016,Retail,Retail,West,5389.48,2023-07-17,2023-08-16,2023-09-05,20
INV00540,CUST024,Technology,Wholesale,East,5453.27,2023-02-28,2023-03-30,2023-04-05,6
INV00541,CUST080,Technology,Wholesale,North,4353.0,2023-11-02,2023-12-02,2023-12-15,13
INV00542,CUST002,Healthcare,Retail,West,3157.46,2023-08-06,2023-09-05,2023-09-17,12
INV00543,CUST092,Technology,Wholesale,East,4874.42,2023-01-27,2023-02-26,2023-04-06,39
INV00544,CUST032,Construction,Wholesale,East,1273.07,2023-10-31,2023-11-30,2024-01-28,59
INV00545,CUST091,Construction,Wholesale,West,9618.98,2023-01-06,2023-02-05,2023-02-21,16
INV00546,CUST084,Healthcare,Wholesale,South,7172.67,2023-01-21,2023-02-20,2023-02-24,4
INV00547,CUST024,Construction,Wholesale,West,9529.42,2023-07-18,2023-08-17,2023-09-25,39
INV00548,CUST012,Manufacturing,Wholesale,South,2344.6,2023-03-01,2023-03-31,2023-04-25,25
INV00549,CUST050,Healthcare,Wholesale,North,8805.48,2023-08-31,2023-09-30,2023-09-27,0
INV00550,CUST035,Manufacturing,Wholesale,North,8107.02,2023-05-27,2023-06-26,2023-06-18,0
INV00551,CUST033,Retail,Retail,West,6803.81,2023-10-01,2023-10-31,2023-12-21,51
INV00552,CUST033,Manufacturing,Retail,West,6287.79,2023-09-07,2023-10-07,2023-11-12,36
INV00553,CUST061,Retail,Retail,North,3233.84,2023-01-15,2023-02-14,2023-04-05,50
INV00554,CUST051,Retail,Wholesale,South,8182.47,2023-01-14,2023-02-13,2023-03-06,21
INV00555,CUST043,Manufacturing,Wholesale,North,5065.0,2023-02-14,2023-03-16,2023-03-18,2
INV00556,CUST012,Healthcare,Retail,West,801.83,2023-01-20,2023-02-19,2023-02-09,0
INV00557,CUST067,Construction,Retail,North,3197.35,2023-03-05,2023-04-04,2023-04-27,23
INV00558,CUST065,Construction,Retail,West,9359.44,2023-08-28,2023-09-27,2023-11-17,51
INV00559,CUST033,Retail,Wholesale,West,8521.73,2023-12-04,2024-01-03,2024-01-23,20
INV00560,CUST040,Retail,Retail,North,9820.87,2023-04-11,2023-05-11,2023-07-03,53
INV00561,CUST074,Healthcare,Retail,South,6317.13,2023-06-13,2023-07-13,2023-07-27,14
INV00562,CUST043,Technology,Wholesale,East,2550.35,2023-05-03,2023-06-02,2023-06-29,27
INV00563,CUST044,Manufacturing,Retail,North,1711.87,2023-02-14,2023-03-16,2023-03-19,3
INV00564,CUST029,Retail,Wholesale,East,1950.45,2023-12-27,2024-01-26,2024-01-23,0
INV00565,CUST013,Construction,Wholesale,North,295.98,2023-11-14,2023-12-14,2024-01-26,43
INV00566,CUST012,Healthcare,Wholesale,East,3967.75,2023-05-26,2023-06-25,2023-06-16,0
INV00567,CUST095,Manufacturing,Retail,South,1995.13,2023-11-24,2023-12-24,2024-02-07,45
INV00568,CUST046,Healthcare,Retail,South,4175.39,2023-12-30,2024-01-29,2024-03-19,50
INV00569,CUST002,Manufacturing,Wholesale,North,9356.44,2023-02-20,2023-03-22,2023-04-02,11
INV00570,CUST035,Manufacturing,Retail,West,4362.35,2023-03-07,2023-04-06,2023-04-30,24
INV00571,CUST087,Retail,Retail,East,8792.05,2023-12-22,2024-01-21,2024-01-26,5
INV00572,CUST081,Healthcare,Retail,West,6094.5,2023-10-16,2023-11-15,2023-12-24,39
INV00573,CUST090,Healthcare,Retail,West,2546.6,2023-06-14,2023-07-14,2023-08-15,32
INV00574,CUST008,Construction,Wholesale,West,3622.96,2023-05-22,2023-06-21,2023-06-27,6
INV00575,CUST093,Construction,Retail,South,930.8,2023-11-11,2023-12-11,2024-01-27,47
INV00576,CUST026,Retail,Wholesale,North,3401.28,2023-05-09,2023-06-08,2023-05-30,0
INV00577,CUST074,Retail,Wholesale,North,6807.66,2023-08-28,2023-09-27,2023-09-20,0
INV00578,CUST090,Technology,Retail,South,813.9,2023-11-21,2023-12-21,2024-01-18,28
INV00579,CUST034,Construction,Wholesale,South,2133.47,2023-10-24,2023-11-23,2023-11-18,0
INV00580,CUST007,Manufacturing,Retail,North,3876.27,2023-07-07,2023-08-06,2023-10-03,58
INV00581,CUST068,Healthcare,Retail,West,9822.29,2023-07-28,2023-08-27,2023-10-24,58
INV00582,CUST058,Retail,Wholesale,East,7870.13,2023-08-09,2023-09-08,2023-09-17,9
INV00583,CUST075,Healthcare,Wholesale,East,7361.52,2023-07-10,2023-08-09,2023-10-01,53
INV00584,CUST029,Healthcare,Wholesale,East,1250.29,2023-12-13,2024-01-12,2024-01-17,5
INV00585,CUST036,Technology,Wholesale,West,7831.86,2023-10-12,2023-11-11,2023-12-21,40
INV00586,CUST089,Construction,Retail,North,7874.16,2023-12-19,2024-01-18,2024-02-13,26
INV00587,CUST021,Retail,Retail,South,6050.92,2023-08-26,2023-09-25,2023-11-22,58
INV00588,CUST036,Healthcare,Retail,North,9904.58,2023-07-14,2023-08-13,2023-09-13,31
INV00589,CUST010,Retail,Wholesale,West,3320.01,2023-10-15,2023-11-14,2023-12-30,46
INV00590,CUST073,Manufacturing,Wholesale,South,9418.6,2023-09-17,2023-10-17,2023-12-11,55
INV00591,CUST024,Technology,Wholesale,West,9155.84,2023-09-04,2023-10-04,2023-10-02,0
INV00592,CUST064,Manufacturing,Retail,East,213.66,2023-05-17,2023-06-16,2023-08-08,53
INV00593,CUST099,Retail,Wholesale,East,4556.15,2023-10-08,2023-11-07,2023-11-18,11
INV00594,CUST049,Retail,Retail,West,9773.33,2023-09-29,2023-10-29,2023-11-21,23
INV00595,CUST099,Construction,Wholesale,South,1120.9,2023-06-21,2023-07-21,2023-09-03,44
INV00596,CUST036,Healthcare,Retail,South,5523.07,2023-06-09,2023-07-09,2023-07-27,18
INV00597,CUST082,Healthcare,Retail,North,9791.68,2023-07-21,2023-08-20,2023-09-16,27
INV00598,CUST096,Manufacturing,Wholesale,East,5599.4,2023-02-15,2023-03-17,2023-03-24,7
INV00599,CUST024,Technology,Wholesale,North,1979.17,2023-09-22,2023-10-22,2023-12-15,54
INV00600,CUST023,Healthcare,Retail,North,5863.61,2023-03-13,2023-04-12,2023-04-02,0
INV00601,CUST062,Construction,Retail,West,2123.96,2023-12-31,2024-01-30,2024-01-23,0
INV00602,CUST096,Manufacturing,Wholesale,West,5245.07,2023-04-14,2023-05-14,2023-05-07,0
INV00603,CUST037,Manufacturing,Wholesale,North,833.02,2023-05-06,2023-06-05,2023-06-21,16
INV00604,CUST012,Construction,Retail,East,6094.28,2023-11-10,2023-12-10,2024-01-11,32
INV00605,CUST055,Technology,Wholesale,West,5216.22,2023-10-14,2023-11-13,2023-12-31,48
INV00606,CUST013,Construction,Retail,North,7427.6,2023-08-19,2023-09-18,2023-10-09,21
INV00607,CUST023,Technology,Retail,North,6343.93,2023-05-27,2023-06-26,2023-07-18,22
INV00608,CUST089,Construction,Wholesale,North,5541.1,2023-07-17,2023-08-16,2023-09-02,17
INV00609,CUST099,Construction,Wholesale,North,6928.81,2023-08-10,2023-09-09,2023-10-23,44
INV00610,CUST030,Retail,Wholesale,North,1525.02,2023-03-02,2023-04-01,2023-05-20,49
INV00611,CUST017,Manufacturing,Wholesale,North,5994.06,2023-04-09,2023-05-09,2023-07-07,59
INV00612,CUST062,Construction,Wholesale,West,1803.89,2023-06-21,2023-07-21,2023-09-10,51
INV00613,CUST084,Construction,Retail,East,9262.67,2023-06-23,2023-07-23,2023-08-15,23
INV00614,CUST089,Healthcare,Retail,North,776.51,2023-06-01,2023-07-01,2023-08-15,45
INV00615,CUST086,Manufacturing,Wholesale,South,4360.71,2023-12-17,2024-01-16,2024-01-18,2
INV00616,CUST013,Healthcare,Wholesale,West,6988.4,2023-05-03,2023-06-02,2023-07-17,45
INV00617,CUST059,Manufacturing,Wholesale,West,4634.42,2023-04-19,2023-05-19,2023-05-26,7
INV00618,CUST019,Healthcare,Retail,North,1011.74,2023-01-05,2023-02-04,2023-03-19,43
INV00619,CUST049,Construction,Wholesale,West,5578.45,2023-04-04,2023-05-04,2023-06-05,32
INV00620,CUST100,Construction,Wholesale,North,6452.16,2023-01-07,2023-02-06,2023-03-06,28
INV00621,CUST012,Retail,Retail,East,7067.54,2023-10-16,2023-11-15,2024-01-04,50
INV00622,CUST061,Healthcare,Retail,East,3795.27,2023-04-17,2023-05-17,2023-06-17,31
INV00623,CUST019,Technology,Wholesale,West,5680.23,2023-05-27,2023-06-26,2023-07-03,7
INV00624,CUST076,Retail,Wholesale,West,4561.8,2023-09-29,2023-10-29,2023-11-10,12
INV00625,CUST009,Healthcare,Wholesale,South,6753.35,2023-04-07,2023-05-07,2023-06-19,43
INV00626,CUST071,Healthcare,Retail,West,5877.21,2023-08-18,2023-09-17,2023-10-06,19
INV00627,CUST028,Retail,Wholesale,South,5304.99,2023-07-22,2023-08-21,2023-10-07,47
INV00628,CUST078,Construction,Wholesale,East,2570.29,2023-08-01,2023-08-31,2023-10-27,57
INV00629,CUST095,Healthcare,Wholesale,East,119.98,2023-01-07,2023-02-06,2023-04-03,56
INV00630,CUST052,Construction,Retail,North,1823.41,2023-04-23,2023-05-23,2023-05-30,7
INV00631,CUST083,Retail,Retail,East,1258.95,2023-11-20,2023-12-20,2023-12-16,0
INV00632,CUST016,Construction,Wholesale,South,4545.94,2023-04-17,2023-05-17,2023-06-15,29
INV00633,CUST069,Manufacturing,Wholesale,West,6161.36,2023-05-20,2023-06-19,2023-08-17,59
INV00634,CUST099,Technology,Retail,North,2209.54,2023-10-27,2023-11-26,2024-01-19,54
INV00635,CUST012,Healthcare,Retail,South,9396.67,2023-04-07,2023-05-07,2023-07-03,57
INV00636,CUST025,Technology,Retail,West,166.15,2023-12-04,2024-01-03,2024-02-10,38
INV00637,CUST052,Construction,Retail,North,7745.78,2023-10-25,2023-11-24,2024-01-04,41
INV00638,CUST085,Healthcare,Retail,East,6289.53,2023-08-03,2023-09-02,2023-09-20,18
INV00639,CUST100,Construction,Retail,South,3798.19,2023-10-19,2023-11-18,2023-11-28,10
INV00640,CUST053,Manufacturing,Retail,West,599.84,2023-01-23,2023-02-22,2023-02-20,0
INV00641,CUST023,Retail,Retail,North,6312.12,2023-07-13,2023-08-12,2023-09-17,36
INV00642,CUST016,Healthcare,Retail,North,3917.57,2023-05-31,2023-06-30,2023-07-31,31
INV00643,CUST057,Manufacturing,Wholesale,East,9369.04,2023-09-05,2023-10-05,2023-11-14,40
INV00644,CUST039,Manufacturing,Wholesale,West,5465.7,2023-09-25,2023-10-25,2023-12-09,45
INV00645,CUST053,Healthcare,Wholesale,East,9402.55,2023-09-09,2023-10-09,2023-11-18,40
INV00646,CUST042,Construction,Retail,East,2282.79,2023-01-04,2023-02-03,2023-04-03,59
INV00647,CUST058,Manufacturing,Wholesale,West,7284.69,2023-11-13,2023-12-13,2023-12-22,9
INV00648,CUST039,Technology,Retail,West,6210.77,2023-03-18,2023-04-17,2023-05-03,16
INV00649,CUST014,Manufacturing,Retail,West,7420.14,2023-03-29,2023-04-28,2023-05-25,27
INV00650,CUST095,Construction,Wholesale,South,2225.21,2023-09-28,2023-10-28,2023-12-21,54
INV00651,CUST005,Construction,Retail,West,6683.45,2023-08-14,2023-09-13,2023-10-26,43
INV00652,CUST035,Technology,Wholesale,North,5030.6,2023-01-19,2023-02-18,2023-03-03,13
INV00653,CUST087,Manufacturing,Wholesale,East,7453.97,2023-04-24,2023-05-24,2023-06-29,36
INV00654,CUST093,Construction,Wholesale,South,3337.74,2023-09-09,2023-10-09,2023-11-30,52
INV00655,CUST075,Healthcare,Retail,West,8911.56,2023-08-22,2023-09-21,2023-11-06,46
INV00656,CUST018,Retail,Wholesale,South,934.58,2023-11-26,2023-12-26,2024-02-08,44
INV00657,CUST076,Retail,Retail,West,8091.17,2023-10-07,2023-11-06,2023-12-25,49
INV00658,CUST009,Retail,Wholesale,South,8627.06,2023-07-22,2023-08-21,2023-10-11,51
INV00659,CUST074,Manufacturing,Wholesale,East,8190.8,2023-03-25,2023-04-24,2023-05-13,19
INV00660,CUST058,Technology,Wholesale,East,5175.99,2023-05-06,2023-06-05,2023-06-16,11
INV00661,CUST017,Construction,Retail,North,4440.01,2023-06-25,2023-07-25,2023-08-12,18
INV00662,CUST007,Healthcare,Retail,North,9963.0,2023-03-11,2023-04-10,2023-05-10,30
INV00663,CUST046,Healthcare,Retail,West,2368.8,2023-02-17,2023-03-19,2023-04-19,31
INV00664,CUST013,Manufacturing,Wholesale,East,5514.07,2023-09-14,2023-10-14,2023-12-07,54
INV00665,CUST040,Retail,Wholesale,South,6739.69,2023-08-04,2023-09-03,2023-09-23,20
INV00666,CUST042,Manufacturing,Retail,South,7038.59,2023-01-31,2023-03-02,2023-03-21,19
INV00667,CUST009,Technology,Retail,South,2119.84,2023-10-09,2023-11-08,2023-11-15,7
INV00668,CUST050,Technology,Retail,North,6574.54,2023-08-26,2023-09-25,2023-10-01,6
INV00669,CUST027,Construction,Retail,South,8201.86,2023-09-06,2023-10-06,2023-11-02,27
INV00670,CUST066,Construction,Retail,North,595.18,2023-01-26,2023-02-25,2023-02-28,3
INV00671,CUST005,Technology,Retail,North,9124.06,2023-03-16,2023-04-15,2023-05-30,45
INV00672,CUST029,Technology,Wholesale,West,392.09,2023-07-26,2023-08-25,2023-09-05,11
INV00673,CUST037,Technology,Retail,South,3624.11,2023-11-11,2023-12-11,2024-02-05,56
INV00674,CUST038,Manufacturing,Wholesale,South,256.55,2023-04-05,2023-05-05,2023-06-19,45
INV00675,CUST083,Technology,Wholesale,East,863.74,2023-05-08,2023-06-07,2023-06-15,8
INV00676,CUST008,Healthcare,Retail,West,9120.57,2023-01-26,2023-02-25,2023-04-12,46
INV00677,CUST065,Retail,Retail,East,3613.12,2023-12-01,2023-12-31,2024-02-02,33
INV00678,CUST086,Technology,Wholesale,West,4305.24,2023-12-22,2024-01-21,2024-02-14,24
INV00679,CUST017,Retail,Retail,South,2231.91,2023-04-27,2023-05-27,2023-05-17,0
INV00680,CUST071,Manufacturing,Retail,North,6011.25,2023-02-18,2023-03-20,2023-04-30,41
INV00681,CUST089,Retail,Wholesale,North,5988.55,2023-08-15,2023-09-14,2023-11-12,59
INV00682,CUST045,Manufacturing,Wholesale,North,3784.78,2023-09-24,2023-10-24,2023-11-19,26
INV00683,CUST004,Healthcare,Wholesale,North,3397.05,2023-04-10,2023-05-10,2023-07-03,54
INV00684,CUST036,Manufacturing,Retail,North,8861.15,2023-01-12,2023-02-11,2023-03-23,40
INV00685,CUST070,Manufacturing,Wholesale,East,3894.51,2023-03-27,2023-04-26,2023-04-16,0
INV00686,CUST031,Construction,Retail,West,4985.66,2023-08-03,2023-09-02,2023-09-12,10
INV00687,CUST019,Technology,Wholesale,South,2904.72,2023-06-23,2023-07-23,2023-09-03,42
INV00688,CUST061,Technology,Wholesale,East,7889.02,2023-07-29,2023-08-28,2023-09-02,5
INV00689,CUST054,Healthcare,Wholesale,West,4034.74,2023-03-06,2023-04-05,2023-05-25,50
INV00690,CUST039,Healthcare,Retail,North,5184.75,2023-09-16,2023-10-16,2023-11-28,43
INV00691,CUST091,Technology,Retail,West,2608.24,2023-11-29,2023-12-29,2024-01-27,29
INV00692,CUST074,Construction,Wholesale,West,9877.83,2023-05-02,2023-06-01,2023-06-16,15
INV00693,CUST090,Technology,Wholesale,North,2985.81,2023-10-26,2023-11-25,2024-01-18,54
INV00694,CUST019,Construction,Wholesale,North,7730.35,2023-02-24,2023-03-26,2023-05-18,53
INV00695,CUST039,Healthcare,Retail,North,4332.21,2023-11-28,2023-12-28,2024-01-29,32
INV00696,CUST067,Retail,Wholesale,South,2141.55,2023-09-30,2023-10-30,2023-11-05,6
INV00697,CUST045,Healthcare,Retail,North,8017.22,2023-08-30,2023-09-29,2023-11-16,48
INV00698,CUST013,Healthcare,Wholesale,South,3402.71,2023-09-01,2023-10-01,2023-10-13,12
INV00699,CUST092,Manufacturing,Wholesale,North,8665.41,2023-01-19,2023-02-18,2023-02-14,0
INV00700,CUST058,Manufacturing,Wholesale,South,9161.05,2023-07-07,2023-08-06,2023-09-08,33
INV00701,CUST020,Manufacturing,Wholesale,West,8612.26,2023-12-13,2024-01-12,2024-02-23,42
INV00702,CUST092,Manufacturing,Wholesale,East,446.58,2023-05-25,2023-06-24,2023-07-17,23
INV00703,CUST072,Construction,Wholesale,West,7895.0,2023-09-20,2023-10-20,2023-11-24,35
INV00704,CUST061,Technology,Retail,West,4172.26,2023-12-31,2024-01-30,2024-03-27,57
INV00705,CUST039,Retail,Wholesale,North,8749.86,2023-08-28,2023-09-27,2023-10-02,5
INV00706,CUST001,Healthcare,Retail,South,6415.75,2023-11-01,2023-12-01,2023-12-09,8
INV00707,CUST003,Construction,Wholesale,East,8353.07,2023-10-26,2023-11-25,2023-11-16,0
INV00708,CUST077,Retail,Wholesale,North,5044.37,2023-03-18,2023-04-17,2023-04-16,0
INV00709,CUST092,Construction,Retail,North,5396.75,2023-07-08,2023-08-07,2023-09-15,39
INV00710,CUST062,Construction,Wholesale,North,1529.44,2023-11-30,2023-12-30,2023-12-31,1
INV00711,CUST063,Healthcare,Retail,West,7861.47,2023-09-04,2023-10-04,2023-12-02,59
INV00712,CUST025,Technology,Retail,South,4251.96,2023-05-11,2023-06-10,2023-06-21,11
INV00713,CUST056,Manufacturing,Wholesale,South,5050.79,2023-11-12,2023-12-12,2024-01-02,21
INV00714,CUST033,Technology,Retail,East,7872.47,2023-10-11,2023-11-10,2023-10-31,0
INV00715,CUST038,Healthcare,Retail,South,6028.57,2023-03-21,2023-04-20,2023-06-02,43
INV00716,CUST006,Healthcare,Wholesale,South,2090.88,2023-03-14,2023-04-13,2023-05-30,47
INV00717,CUST058,Healthcare,Retail,North,5943.3,2023-09-21,2023-10-21,2023-12-19,59
INV00718,CUST044,Retail,Wholesale,North,4135.57,2023-07-11,2023-08-10,2023-08-17,7
INV00719,CUST045,Technology,Wholesale,West,4748.3,2023-03-05,2023-04-04,2023-03-30,0
INV00720,CUST032,Technology,Wholesale,North,380.28,2023-01-13,2023-02-12,2023-03-18,34
INV00721,CUST045,Construction,Wholesale,North,2179.29,2023-05-22,2023-06-21,2023-07-03,12
INV00722,CUST061,Construction,Retail,North,2882.28,2023-09-12,2023-10-12,2023-10-24,12
INV00723,CUST047,Construction,Wholesale,North,7158.3,2023-02-13,2023-03-15,2023-03-30,15
INV00724,CUST021,Healthcare,Wholesale,West,213.78,2023-01-18,2023-02-17,2023-02-13,0
INV00725,CUST080,Technology,Retail,North,4146.89,2023-03-05,2023-04-04,2023-05-07,33
INV00726,CUST085,Healthcare,Wholesale,East,9247.87,2023-09-11,2023-10-11,2023-10-27,16
INV00727,CUST075,Retail,Wholesale,East,1207.62,2023-10-20,2023-11-19,2023-12-04,15
INV00728,CUST036,Construction,Retail,East,5212.6,2023-01-09,2023-02-08,2023-03-05,25
INV00729,CUST099,Healthcare,Retail,East,7886.57,2023-11-22,2023-12-22,2024-02-04,44
INV00730,CUST019,Healthcare,Retail,North,9431.06,2023-04-01,2023-05-01,2023-06-23,53
INV00731,CUST020,Retail,Retail,East,7493.09,2023-07-28,2023-08-27,2023-10-12,46
INV00732,CUST057,Manufacturing,Retail,North,7233.6,2023-10-20,2023-11-19,2024-01-16,58
INV00733,CUST018,Technology,Retail,West,8282.23,2023-10-12,2023-11-11,2023-12-31,50
INV00734,CUST047,Manufacturing,Retail,East,4517.39,2023-04-29,2023-05-29,2023-05-20,0
INV00735,CUST049,Construction,Wholesale,South,8077.86,2023-12-16,2024-01-15,2024-02-28,44
INV00736,CUST014,Healthcare,Retail,East,178.85,2023-06-25,2023-07-25,2023-08-21,27
INV00737,CUST015,Retail,Retail,East,9253.15,2023-03-18,2023-04-17,2023-05-05,18
INV00738,CUST031,Retail,Retail,North,4488.73,2023-04-12,2023-05-12,2023-05-27,15
INV00739,CUST001,Technology,Wholesale,East,5578.46,2023-06-01,2023-07-01,2023-07-25,24
INV00740,CUST054,Manufacturing,Wholesale,South,2623.33,2023-09-28,2023-10-28,2023-12-23,56
INV00741,CUST003,Technology,Retail,North,7451.06,2023-03-13,2023-04-12,2023-04-30,18
INV00742,CUST016,Healthcare,Retail,North,858.69,2023-06-30,2023-07-30,2023-08-22,23
INV00743,CUST087,Technology,Retail,West,8739.09,2023-05-05,2023-06-04,2023-07-04,30
INV00744,CUST057,Retail,Wholesale,West,8298.36,2023-10-21,2023-11-20,2023-12-20,30
INV00745,CUST075,Retail,Wholesale,East,2239.0,2023-10-13,2023-11-12,2023-11-24,12
INV00746,CUST012,Construction,Retail,West,8112.31,2023-07-15,2023-08-14,2023-08-06,0
INV00747,CUST074,Construction,Wholesale,West,7884.94,2023-08-17,2023-09-16,2023-11-02,47
INV00748,CUST096,Healthcare,Retail,West,6358.94,2023-10-03,2023-11-02,2023-11-23,21
INV00749,CUST016,Manufacturing,Wholesale,North,3797.85,2023-04-17,2023-05-17,2023-06-06,20
INV00750,CUST072,Technology,Wholesale,North,2787.84,2023-01-22,2023-02-21,2023-03-25,32
INV00751,CUST076,Healthcare,Retail,North,2394.66,2023-03-06,2023-04-05,2023-04-01,0
INV00752,CUST024,Construction,Retail,West,3254.23,2023-06-15,2023-07-15,2023-07-05,0
INV00753,CUST028,Technology,Retail,North,9045.23,2023-01-28,2023-02-27,2023-04-18,50
INV00754,CUST008,Construction,Retail,West,868.64,2023-11-08,2023-12-08,2023-12-11,3
INV00755,CUST092,Technology,Wholesale,North,8305.83,2023-10-13,2023-11-12,2023-12-23,41
INV00756,CUST036,Manufacturing,Wholesale,North,3554.01,2023-05-29,2023-06-28,2023-06-23,0
INV00757,CUST090,Healthcare,Wholesale,South,5263.83,2023-10-09,2023-11-08,2023-11-07,0
INV00758,CUST008,Technology,Retail,East,7965.41,2023-11-23,2023-12-23,2024-01-11,19
INV00759,CUST058,Retail,Wholesale,West,8855.33,2023-11-16,2023-12-16,2023-12-26,10
INV00760,CUST060,Retail,Retail,South,3513.34,2023-06-14,2023-07-14,2023-09-01,49
INV00761,CUST050,Technology,Wholesale,North,4672.25,2023-08-13,2023-09-12,2023-11-03,52
INV00762,CUST028,Technology,Retail,West,4203.71,2023-09-30,2023-10-30,2023-11-30,31
INV00763,CUST092,Technology,Retail,North,231.19,2023-05-27,2023-06-26,2023-08-05,40
INV00764,CUST041,Retail,Wholesale,East,3029.83,2023-12-23,2024-01-22,2024-03-15,53
INV00765,CUST100,Retail,Retail,South,4645.97,2023-01-31,2023-03-02,2023-04-16,45
INV00766,CUST064,Technology,Retail,East,4169.83,2023-02-15,2023-03-17,2023-04-16,30
INV00767,CUST027,Construction,Wholesale,South,7247.1,2023-10-03,2023-11-02,2023-11-23,21
INV00768,CUST063,Construction,Retail,North,3909.56,2023-02-04,2023-03-06,2023-03-10,4
INV00769,CUST017,Manufacturing,Retail,East,4944.83,2023-05-22,2023-06-21,2023-08-11,51
INV00770,CUST073,Healthcare,Retail,East,4353.13,2023-11-15,2023-12-15,2023-12-31,16
INV00771,CUST033,Construction,Wholesale,North,7432.2,2023-08-10,2023-09-09,2023-09-26,17
INV00772,CUST084,Retail,Wholesale,East,8643.43,2023-12-23,2024-01-22,2024-03-15,53
INV00773,CUST077,Construction,Retail,West,5365.7,2023-01-23,2023-02-22,2023-04-11,48
INV00774,CUST092,Manufacturing,Wholesale,South,7915.38,2023-06-30,2023-07-30,2023-09-15,47
INV00775,CUST029,Manufacturing,Retail,South,3038.19,2023-11-26,2023-12-26,2023-12-17,0
INV00776,CUST013,Healthcare,Retail,South,5459.56,2023-08-20,2023-09-19,2023-10-14,25
INV00777,CUST046,Construction,Retail,West,3517.78,2023-02-08,2023-03-10,2023-03-12,2
INV00778,CUST035,Retail,Retail,South,4200.59,2023-03-12,2023-04-11,2023-04-15,4
INV00779,CUST006,Retail,Retail,North,7350.9,2023-04-27,2023-05-27,2023-07-15,49
INV00780,CUST082,Technology,Wholesale,East,8828.46,2023-08-28,2023-09-27,2023-10-08,11
INV00781,CUST069,Retail,Retail,West,1302.8,2023-12-02,2024-01-01,2024-02-22,52
INV00782,CUST047,Healthcare,Wholesale,South,6382.93,2023-05-29,2023-06-28,2023-07-12,14
INV00783,CUST025,Healthcare,Wholesale,North,5863.22,2023-01-10,2023-02-09,2023-03-18,37
INV00784,CUST066,Retail,Retail,East,1272.31,2023-10-16,2023-11-15,2023-12-17,32
INV00785,CUST010,Retail,Retail,East,2197.75,2023-02-20,2023-03-22,2023-04-18,27
INV00786,CUST056,Technology,Wholesale,West,3178.92,2023-12-05,2024-01-04,2024-02-03,30
INV00787,CUST030,Retail,Wholesale,West,1752.62,2023-01-06,2023-02-05,2023-03-11,34
INV00788,CUST005,Technology,Wholesale,West,2512.92,2023-12-10,2024-01-09,2024-02-07,29
INV00789,CUST033,Technology,Retail,North,2749.25,2023-05-07,2023-06-06,2023-06-12,6
INV00790,CUST065,Retail,Wholesale,North,3423.17,2023-03-17,2023-04-16,2023-06-01,46
INV00791,CUST018,Manufacturing,Retail,West,7518.97,2023-06-15,2023-07-15,2023-07-06,0
INV00792,CUST096,Manufacturing,Retail,South,5761.93,2023-10-06,2023-11-05,2023-12-26,51
INV00793,CUST049,Technology,Retail,East,9863.84,2023-11-21,2023-12-21,2023-12-19,0
INV00794,CUST011,Retail,Wholesale,East,4205.88,2023-10-28,2023-11-27,2024-01-23,57
INV00795,CUST085,Manufacturing,Retail,North,7563.26,2023-10-18,2023-11-17,2023-11-23,6
INV00796,CUST026,Retail,Retail,East,8727.54,2023-03-19,2023-04-18,2023-05-27,39
INV00797,CUST063,Retail,Retail,South,6821.89,2023-10-26,2023-11-25,2023-12-24,29
INV00798,CUST089,Retail,Retail,East,4177.46,2023-05-18,2023-06-17,2023-08-03,47
INV00799,CUST086,Construction,Retail,North,7560.59,2023-04-17,2023-05-17,2023-05-27,10
INV00800,CUST059,Retail,Wholesale,North,2116.3,2023-04-06,2023-05-06,2023-05-13,7
INV00801,CUST027,Construction,Retail,South,3342.77,2023-05-16,2023-06-15,2023-07-29,44
INV00802,CUST049,Technology,Retail,South,5512.18,2023-03-10,2023-04-09,2023-04-27,18
INV00803,CUST077,Manufacturing,Wholesale,East,5796.55,2023-05-28,2023-06-27,2023-07-10,13
INV00804,CUST033,Manufacturing,Retail,East,319.2,2023-06-09,2023-07-09,2023-07-15,6
INV00805,CUST098,Manufacturing,Wholesale,North,9456.63,2023-06-13,2023-07-13,2023-07-20,7
INV00806,CUST099,Manufacturing,Retail,South,6996.61,2023-12-08,2024-01-07,2024-02-07,31
INV00807,CUST001,Manufacturing,Wholesale,South,5007.47,2023-07-09,2023-08-08,2023-09-11,34
INV00808,CUST021,Manufacturing,Wholesale,South,9337.96,2023-12-06,2024-01-05,2024-01-11,6
INV00809,CUST055,Manufacturing,Retail,East,4447.05,2023-04-06,2023-05-06,2023-05-09,3
INV00810,CUST006,Technology,Retail,South,9806.31,2023-07-01,2023-07-31,2023-09-07,38
INV00811,CUST092,Retail,Retail,North,5171.62,2023-10-16,2023-11-15,2023-12-03,18
INV00812,CUST081,Healthcare,Wholesale,North,1231.43,2023-11-19,2023-12-19,2023-12-12,0
INV00813,CUST069,Construction,Wholesale,East,7671.53,2023-07-07,2023-08-06,2023-08-15,9
INV00814,CUST095,Healthcare,Wholesale,West,6821.09,2023-05-19,2023-06-18,2023-07-24,36
INV00815,CUST005,Healthcare,Retail,East,7752.57,2023-05-11,2023-06-10,2023-06-08,0
INV00816,CUST003,Retail,Wholesale,West,9519.28,2023-07-14,2023-08-13,2023-08-29,16
INV00817,CUST053,Retail,Wholesale,South,7787.24,2023-11-13,2023-12-13,2023-12-17,4
INV00818,CUST023,Retail,Retail,East,6152.23,2023-10-01,2023-10-31,2023-11-08,8
INV00819,CUST053,Manufacturing,Wholesale,North,8587.36,2023-12-19,2024-01-18,2024-02-28,41
INV00820,CUST037,Technology,Wholesale,South,6765.14,2023-05-25,2023-06-24,2023-07-09,15
INV00821,CUST074,Manufacturing,Retail,North,4140.38,2023-01-17,2023-02-16,2023-03-03,15
INV00822,CUST074,Technology,Wholesale,South,8867.64,2023-10-30,2023-11-29,2023-12-14,15
INV00823,CUST083,Technology,Retail,East,2296.81,2023-09-03,2023-10-03,2023-11-07,35
INV00824,CUST017,Healthcare,Retail,West,7174.95,2023-04-18,2023-05-18,2023-06-25,38
INV00825,CUST085,Healthcare,Retail,South,8827.48,2023-03-30,2023-04-29,2023-06-10,42
INV00826,CUST078,Technology,Retail,West,7340.03,2023-05-10,2023-06-09,2023-06-01,0
INV00827,CUST073,Technology,Retail,South,7003.03,2023-12-08,2024-01-07,2024-03-02,55
INV00828,CUST001,Manufacturing,Wholesale,North,7551.12,2023-01-05,2023-02-04,2023-03-07,31
INV00829,CUST051,Manufacturing,Wholesale,North,4704.05,2023-11-24,2023-12-24,2024-01-01,8
INV00830,CUST045,Healthcare,Retail,South,8754.29,2023-11-03,2023-12-03,2023-12-09,6
INV00831,CUST077,Retail,Retail,West,2114.02,2023-04-06,2023-05-06,2023-05-28,22
INV00832,CUST004,Technology,Wholesale,East,1361.13,2023-07-29,2023-08-28,2023-10-05,38
INV00833,CUST062,Manufacturing,Retail,East,2926.54,2023-08-14,2023-09-13,2023-10-28,45
INV00834,CUST065,Healthcare,Retail,North,5362.62,2023-12-15,2024-01-14,2024-03-06,52
INV00835,CUST032,Manufacturing,Retail,East,5154.56,2023-11-18,2023-12-18,2023-12-10,0
INV00836,CUST034,Technology,Wholesale,North,8223.93,2023-02-17,2023-03-19,2023-04-26,38
INV00837,CUST092,Technology,Wholesale,East,4105.23,2023-07-01,2023-07-31,2023-09-13,44
INV00838,CUST095,Construction,Retail,South,4895.01,2023-04-17,2023-05-17,2023-06-01,15
INV00839,CUST072,Retail,Retail,North,232.34,2023-07-19,2023-08-18,2023-09-28,41
INV00840,CUST039,Construction,Wholesale,North,4156.42,2023-04-17,2023-05-17,2023-05-13,0
INV00841,CUST026,Healthcare,Wholesale,South,6512.96,2023-10-08,2023-11-07,2023-12-12,35
INV00842,CUST034,Manufacturing,Retail,North,253.53,2023-09-18,2023-10-18,2023-11-22,35
INV00843,CUST054,Healthcare,Retail,East,2880.73,2023-04-19,2023-05-19,2023-05-24,5
INV00844,CUST003,Technology,Wholesale,East,2158.77,2023-01-20,2023-02-19,2023-03-04,13
INV00845,CUST050,Construction,Wholesale,North,515.66,2023-10-24,2023-11-23,2024-01-12,50
INV00846,CUST012,Construction,Wholesale,East,4844.67,2023-11-03,2023-12-03,2024-01-15,43
INV00847,CUST065,Construction,Retail,West,1899.06,2023-06-21,2023-07-21,2023-09-10,51
INV00848,CUST054,Healthcare,Wholesale,North,7456.51,2023-11-28,2023-12-28,2023-12-18,0
INV00849,CUST005,Technology,Retail,South,8494.49,2023-07-15,2023-08-14,2023-09-21,38
INV00850,CUST094,Manufacturing,Wholesale,West,5501.29,2023-01-13,2023-02-12,2023-02-26,14
INV00851,CUST094,Manufacturing,Wholesale,North,9818.9,2023-07-15,2023-08-14,2023-08-13,0
INV00852,CUST057,Healthcare,Wholesale,South,4559.74,2023-10-11,2023-11-10,2023-11-15,5
INV00853,CUST017,Construction,Wholesale,East,5182.35,2023-07-02,2023-08-01,2023-09-17,47
INV00854,CUST047,Retail,Retail,South,9893.26,2023-11-02,2023-12-02,2023-12-20,18
INV00855,CUST023,Healthcare,Retail,West,2392.33,2023-05-25,2023-06-24,2023-06-19,0
INV00856,CUST079,Healthcare,Wholesale,East,9431.2,2023-11-13,2023-12-13,2023-12-18,5
INV00857,CUST085,Technology,Retail,North,524.09,2023-07-02,2023-08-01,2023-08-10,9
INV00858,CUST014,Manufacturing,Wholesale,East,4519.23,2023-01-31,2023-03-02,2023-04-03,32
INV00859,CUST066,Healthcare,Wholesale,North,793.03,2023-03-26,2023-04-25,2023-05-10,15
INV00860,CUST075,Healthcare,Wholesale,North,7319.42,2023-06-16,2023-07-16,2023-08-07,22
INV00861,CUST051,Construction,Wholesale,South,6123.25,2023-10-12,2023-11-11,2023-11-26,15
INV00862,CUST038,Construction,Retail,South,7095.68,2023-10-09,2023-11-08,2023-12-12,34
INV00863,CUST064,Retail,Wholesale,South,3807.36,2023-04-07,2023-05-07,2023-06-28,52
INV00864,CUST098,Technology,Wholesale,West,3757.87,2023-09-24,2023-10-24,2023-12-19,56
INV00865,CUST038,Retail,Retail,West,548.66,2023-10-26,2023-11-25,2024-01-05,41
INV00866,CUST050,Construction,Wholesale,South,3564.45,2023-10-24,2023-11-23,2024-01-19,57
INV00867,CUST098,Manufacturing,Wholesale,West,9299.96,2023-08-14,2023-09-13,2023-09-28,15
INV00868,CUST082,Construction,Wholesale,East,3854.34,2023-11-30,2023-12-30,2023-12-21,0
INV00869,CUST030,Technology,Retail,East,8330.54,2023-12-28,2024-01-27,2024-01-30,3
INV00870,CUST079,Construction,Wholesale,West,8439.02,2023-02-12,2023-03-14,2023-04-02,19
INV00871,CUST091,Technology,Retail,West,3795.09,2023-10-31,2023-11-30,2024-01-07,38
INV00872,CUST051,Technology,Wholesale,East,6356.69,2023-09-04,2023-10-04,2023-10-05,1
INV00873,CUST063,Technology,Wholesale,North,1044.18,2023-07-28,2023-08-27,2023-09-29,33
INV00874,CUST098,Technology,Retail,East,1126.42,2023-08-26,2023-09-25,2023-10-17,22
INV00875,CUST052,Technology,Wholesale,East,581.71,2023-01-23,2023-02-22,2023-02-24,2
INV00876,CUST038,Manufacturing,Wholesale,West,5852.05,2023-07-05,2023-08-04,2023-08-19,15
INV00877,CUST097,Retail,Retail,East,4318.1,2023-08-31,2023-09-30,2023-10-10,10
INV00878,CUST088,Healthcare,Retail,West,5525.52,2023-12-30,2024-01-29,2024-02-15,17
INV00879,CUST079,Retail,Retail,West,5258.62,2023-10-11,2023-11-10,2023-12-17,37
INV00880,CUST030,Technology,Retail,South,3567.01,2023-02-11,2023-03-13,2023-04-11,29
INV00881,CUST051,Manufacturing,Retail,East,6806.99,2023-12-03,2024-01-02,2024-02-26,55
INV00882,CUST081,Construction,Wholesale,North,7609.17,2023-06-12,2023-07-12,2023-07-24,12
INV00883,CUST005,Manufacturing,Retail,South,244.82,2023-06-10,2023-07-10,2023-08-16,37
INV00884,CUST029,Technology,Wholesale,West,2151.7,2023-03-31,2023-04-30,2023-04-21,0
INV00885,CUST004,Manufacturing,Wholesale,West,7161.04,2023-11-19,2023-12-19,2023-12-28,9
INV00886,CUST010,Manufacturing,Wholesale,North,3927.54,2023-01-13,2023-02-12,2023-04-01,48
INV00887,CUST056,Technology,Retail,West,6658.59,2023-03-15,2023-04-14,2023-05-19,35
INV00888,CUST017,Manufacturing,Retail,East,3534.93,2023-03-18,2023-04-17,2023-04-09,0
INV00889,CUST074,Healthcare,Wholesale,South,3968.48,2023-12-13,2024-01-12,2024-02-25,44
INV00890,CUST017,Healthcare,Retail,West,1670.92,2023-07-21,2023-08-20,2023-08-21,1
INV00891,CUST084,Manufacturing,Retail,West,2656.49,2023-01-11,2023-02-10,2023-03-11,29
INV00892,CUST088,Construction,Retail,North,6093.58,2023-12-19,2024-01-18,2024-03-13,55
INV00893,CUST069,Technology,Retail,East,4388.31,2023-08-15,2023-09-14,2023-09-19,5
INV00894,CUST034,Healthcare,Wholesale,West,7765.6,2023-06-26,2023-07-26,2023-08-18,23
INV00895,CUST006,Construction,Wholesale,North,8540.59,2023-10-04,2023-11-03,2023-12-06,33
INV00896,CUST053,Manufacturing,Retail,West,5462.3,2023-02-09,2023-03-11,2023-03-06,0
INV00897,CUST066,Construction,Wholesale,North,7606.85,2023-03-02,2023-04-01,2023-05-24,53
INV00898,CUST077,Retail,Retail,North,3138.35,2023-03-08,2023-04-07,2023-04-18,11
INV00899,CUST043,Healthcare,Retail,East,4208.22,2023-11-18,2023-12-18,2023-12-25,7
INV00900,CUST075,Manufacturing,Wholesale,West,7156.5,2023-05-05,2023-06-04,2023-06-05,1
INV00901,CUST023,Technology,Wholesale,East,3923.5,2023-06-14,2023-07-14,2023-08-24,41
INV00902,CUST055,Manufacturing,Wholesale,North,5926.2,2023-06-09,2023-07-09,2023-08-18,40
INV00903,CUST080,Technology,Retail,South,1935.19,2023-02-27,2023-03-29,2023-05-05,37
INV00904,CUST095,Manufacturing,Wholesale,West,6037.74,2023-03-20,2023-04-19,2023-04-27,8
INV00905,CUST075,Construction,Retail,South,8628.99,2023-07-14,2023-08-13,2023-08-08,0
INV00906,CUST016,Construction,Wholesale,West,8699.53,2023-10-13,2023-11-12,2023-11-28,16
INV00907,CUST008,Construction,Wholesale,East,7271.01,2023-01-16,2023-02-15,2023-03-29,42
INV00908,CUST004,Retail,Retail,East,7482.96,2023-01-13,2023-02-12,2023-03-21,37
INV00909,CUST004,Technology,Retail,East,5623.48,2023-04-12,2023-05-12,2023-05-08,0
INV00910,CUST056,Construction,Retail,East,5888.21,2023-06-06,2023-07-06,2023-08-23,48
INV00911,CUST025,Retail,Retail,East,1423.14,2023-12-07,2024-01-06,2024-03-04,58
INV00912,CUST067,Technology,Retail,South,4494.21,2023-05-06,2023-06-05,2023-06-05,0
INV00913,CUST096,Manufacturing,Retail,East,4562.69,2023-12-26,2024-01-25,2024-01-29,4
INV00914,CUST067,Retail,Retail,North,9589.13,2023-10-08,2023-11-07,2023-12-30,53
INV00915,CUST027,Healthcare,Retail,North,4367.76,2023-04-21,2023-05-21,2023-05-13,0
INV00916,CUST093,Retail,Wholesale,South,5538.49,2023-12-01,2023-12-31,2024-02-27,58
INV00917,CUST032,Retail,Retail,West,5379.19,2023-12-24,2024-01-23,2024-02-04,12
INV00918,CUST050,Technology,Retail,North,6403.94,2023-05-27,2023-06-26,2023-08-07,42
INV00919,CUST061,Manufacturing,Wholesale,West,7507.51,2023-08-05,2023-09-04,2023-09-30,26
INV00920,CUST051,Healthcare,Retail,South,2327.91,2023-06-12,2023-07-12,2023-07-10,0
INV00921,CUST019,Construction,Wholesale,West,5334.37,2023-05-09,2023-06-08,2023-06-12,4
INV00922,CUST021,Construction,Wholesale,West,8276.59,2023-11-11,2023-12-11,2023-12-03,0
INV00923,CUST005,Retail,Retail,West,4684.84,2023-11-29,2023-12-29,2024-02-26,59
INV00924,CUST082,Technology,Wholesale,West,2856.73,2023-05-31,2023-06-30,2023-07-06,6
INV00925,CUST092,Technology,Retail,South,6581.62,2023-02-06,2023-03-08,2023-03-23,15
INV00926,CUST042,Construction,Wholesale,North,8255.3,2023-06-23,2023-07-23,2023-08-02,10
INV00927,CUST061,Healthcare,Wholesale,East,725.09,2023-01-23,2023-02-22,2023-03-04,10
INV00928,CUST022,Manufacturing,Wholesale,West,7790.23,2023-07-26,2023-08-25,2023-08-25,0
INV00929,CUST021,Healthcare,Retail,North,8234.31,2023-05-08,2023-06-07,2023-07-04,27
INV00930,CUST070,Manufacturing,Retail,North,4669.08,2023-12-03,2024-01-02,2024-01-26,24
INV00931,CUST001,Construction,Wholesale,South,9834.73,2023-12-23,2024-01-22,2024-01-25,3
INV00932,CUST005,Manufacturing,Wholesale,North,7888.41,2023-08-06,2023-09-05,2023-09-08,3
INV00933,CUST012,Technology,Retail,South,7759.26,2023-04-07,2023-05-07,2023-05-06,0
INV00934,CUST090,Retail,Retail,West,7503.6,2023-06-14,2023-07-14,2023-07-15,1
INV00935,CUST046,Retail,Wholesale,West,1591.02,2023-05-29,2023-06-28,2023-07-25,27
INV00936,CUST034,Construction,Wholesale,East,2250.59,2023-01-19,2023-02-18,2023-03-13,23
INV00937,CUST049,Technology,Retail,East,4693.5,2023-10-22,2023-11-21,2023-12-21,30
INV00938,CUST078,Healthcare,Retail,East,2713.64,2023-07-15,2023-08-14,2023-08-13,0
INV00939,CUST090,Technology,Retail,North,4210.89,2023-06-01,2023-07-01,2023-07-07,6
INV00940,CUST045,Retail,Retail,West,8895.79,2023-05-04,2023-06-03,2023-06-09,6
INV00941,CUST027,Retail,Retail,South,8260.84,2023-07-07,2023-08-06,2023-10-01,56
INV00942,CUST073,Technology,Wholesale,East,6337.39,2023-05-30,2023-06-29,2023-08-19,51
INV00943,CUST026,Technology,Retail,South,8595.39,2023-04-15,2023-05-15,2023-05-05,0
INV00944,CUST047,Retail,Wholesale,South,7859.35,2023-09-01,2023-10-01,2023-10-02,1
INV00945,CUST086,Healthcare,Retail,East,4346.95,2023-08-20,2023-09-19,2023-09-12,0
INV00946,CUST056,Construction,Wholesale,West,2090.55,2023-07-26,2023-08-25,2023-09-25,31
INV00947,CUST094,Construction,Retail,East,5190.59,2023-07-18,2023-08-17,2023-08-19,2
INV00948,CUST063,Technology,Retail,South,7388.67,2023-12-04,2024-01-03,2023-12-27,0
INV00949,CUST048,Construction,Wholesale,East,4420.55,2023-03-29,2023-04-28,2023-06-25,58
INV00950,CUST061,Retail,Wholesale,South,6701.04,2023-05-23,2023-06-22,2023-06-30,8
INV00951,CUST081,Retail,Retail,South,1033.84,2023-11-14,2023-12-14,2023-12-05,0
INV00952,CUST026,Technology,Retail,East,7505.25,2023-07-19,2023-08-18,2023-08-19,1
INV00953,CUST036,Technology,Retail,North,8145.86,2023-02-16,2023-03-18,2023-03-13,0
INV00954,CUST001,Technology,Retail,East,7097.69,2023-10-16,2023-11-15,2023-11-12,0
INV00955,CUST008,Healthcare,Retail,North,9675.91,2023-01-16,2023-02-15,2023-03-27,40
INV00956,CUST099,Construction,Wholesale,South,8283.86,2023-02-14,2023-03-16,2023-03-16,0
INV00957,CUST052,Technology,Wholesale,South,9040.63,2023-06-19,2023-07-19,2023-09-09,52
INV00958,CUST079,Manufacturing,Retail,North,9342.35,2023-11-07,2023-12-07,2024-01-22,46
INV00959,CUST047,Manufacturing,Wholesale,South,8033.35,2023-02-14,2023-03-16,2023-03-17,1
INV00960,CUST056,Retail,Wholesale,North,6775.16,2023-04-09,2023-05-09,2023-04-30,0
INV00961,CUST086,Construction,Wholesale,North,156.61,2023-09-19,2023-10-19,2023-10-16,0
INV00962,CUST014,Technology,Retail,South,4711.67,2023-04-20,2023-05-20,2023-05-20,0
INV00963,CUST090,Manufacturing,Wholesale,West,5754.51,2023-10-11,2023-11-10,2023-12-22,42
INV00964,CUST028,Construction,Retail,North,3109.9,2023-12-10,2024-01-09,2024-01-08,0
INV00965,CUST087,Retail,Wholesale,East,3249.23,2023-04-15,2023-05-15,2023-05-12,0
INV00966,CUST078,Healthcare,Retail,East,9615.48,2023-09-14,2023-10-14,2023-11-08,25
INV00967,CUST088,Construction,Wholesale,South,8927.94,2023-07-26,2023-08-25,2023-08-28,3
INV00968,CUST002,Construction,Retail,West,8506.87,2023-12-02,2024-01-01,2024-02-13,43
INV00969,CUST026,Healthcare,Retail,South,4119.52,2023-02-13,2023-03-15,2023-03-25,10
INV00970,CUST014,Construction,Wholesale,West,235.62,2023-12-20,2024-01-19,2024-02-27,39
INV00971,CUST059,Retail,Retail,North,894.2,2023-09-03,2023-10-03,2023-10-31,28
INV00972,CUST056,Retail,Retail,North,3190.74,2023-10-15,2023-11-14,2023-11-23,9
INV00973,CUST007,Healthcare,Retail,North,255.85,2023-12-22,2024-01-21,2024-01-17,0
INV00974,CUST003,Technology,Retail,North,269.78,2023-10-01,2023-10-31,2023-10-29,0
INV00975,CUST023,Manufacturing,Retail,East,9174.37,2023-03-25,2023-04-24,2023-04-14,0
INV00976,CUST018,Technology,Retail,East,7090.97,2023-04-21,2023-05-21,2023-06-05,15
INV00977,CUST038,Construction,Retail,South,3158.66,2023-07-10,2023-08-09,2023-09-05,27
INV00978,CUST099,Manufacturing,Retail,West,1413.18,2023-10-16,2023-11-15,2023-12-12,27
INV00979,CUST015,Healthcare,Wholesale,North,5165.19,2023-09-09,2023-10-09,2023-11-28,50
INV00980,CUST064,Healthcare,Wholesale,North,152.93,2023-08-01,2023-08-31,2023-10-03,33
INV00981,CUST089,Manufacturing,Retail,West,9390.3,2023-10-19,2023-11-18,2023-12-21,33
INV00982,CUST028,Retail,Retail,West,4206.67,2023-05-14,2023-06-13,2023-08-03,51
INV00983,CUST074,Manufacturing,Wholesale,South,4083.12,2023-07-21,2023-08-20,2023-08-15,0
INV00984,CUST039,Construction,Wholesale,West,3966.88,2023-10-13,2023-11-12,2023-11-18,6
INV00985,CUST057,Retail,Wholesale,North,786.35,2023-11-23,2023-12-23,2024-02-01,40
INV00986,CUST017,Healthcare,Retail,North,6419.39,2023-04-06,2023-05-06,2023-06-02,27
INV00987,CUST086,Manufacturing,Wholesale,North,7356.74,2023-10-06,2023-11-05,2023-11-18,13
INV00988,CUST090,Technology,Retail,North,6793.64,2023-11-22,2023-12-22,2024-01-31,40
INV00989,CUST044,Technology,Retail,North,1470.51,2023-08-08,2023-09-07,2023-09-06,0
INV00990,CUST025,Construction,Wholesale,South,5830.52,2023-03-31,2023-04-30,2023-05-10,10
INV00991,CUST017,Technology,Retail,North,5737.9,2023-03-14,2023-04-13,2023-06-11,59
INV00992,CUST013,Manufacturing,Retail,South,8697.27,2023-09-05,2023-10-05,2023-11-20,46
INV00993,CUST084,Manufacturing,Retail,North,3853.36,2023-05-10,2023-06-09,2023-07-07,28
INV00994,CUST025,Technology,Retail,East,3777.71,2023-08-01,2023-08-31,2023-09-22,22
INV00995,CUST068,Manufacturing,Wholesale,East,6223.42,2023-12-10,2024-01-09,2024-02-26,48
INV00996,CUST010,Construction,Wholesale,East,6367.42,2023-04-07,2023-05-07,2023-05-14,7
INV00997,CUST067,Retail,Retail,East,4745.92,2023-03-17,2023-04-16,2023-05-31,45
INV00998,CUST018,Construction,Retail,South,4486.29,2023-02-24,2023-03-26,2023-05-11,46
INV00999,CUST100,Construction,Wholesale,South,4992.06,2023-12-11,2024-01-10,2024-02-16,37
INV01000,CUST086,Manufacturing,Retail,West,8624.35,2023-02-24,2023-03-26,2023-04-26,31
